,Frame name,Label,Fold
0,00001.jpg,N,2
1,00002.jpg,N,4
2,00003.jpg,N,1
3,00004.jpg,N,4
4,00005.jpg,N,3
5,00006.jpg,N,3
6,00007.jpg,N,4
7,00008.jpg,N,5
8,00009.jpg,N,2
9,00010.jpg,N,3
10,00011.jpg,N,4
11,00012.jpg,N,4
12,00013.jpg,N,4
13,00014.jpg,N,4
14,00015.jpg,N,4
15,00016.jpg,N,2
16,00017.jpg,N,2
17,00018.jpg,N,5
18,00019.jpg,N,1
19,00020.jpg,N,1
20,00021.jpg,P,4
21,00022.jpg,P,5
22,00023.jpg,P,2
23,00024.jpg,P,1
24,00025.jpg,P,2
25,00026.jpg,P,5
26,00027.jpg,P,4
27,00028.jpg,P,4
28,00029.jpg,P,4
29,00030.jpg,P,5
30,00031.jpg,P,2
31,00032.jpg,P,5
32,00033.jpg,P,2
33,00034.jpg,P,5
34,00035.jpg,P,3
35,00036.jpg,P,5
36,00037.jpg,P,3
37,00038.jpg,P,2
38,00039.jpg,N,4
39,00040.jpg,N,3
40,00041.jpg,P,4
41,00043.jpg,P,2
42,00044.jpg,P,4
43,00045.jpg,P,5
44,00046.jpg,P,3
45,00047.jpg,P,2
46,00048.jpg,P,4
47,00049.jpg,P,5
48,00050.jpg,P,3
49,00051.jpg,P,5
50,00052.jpg,N,2
51,00053.jpg,N,1
52,00054.jpg,N,2
53,00055.jpg,N,3
54,00056.jpg,N,5
55,00057.jpg,N,2
56,00058.jpg,N,4
57,00059.jpg,N,5
58,00060.jpg,N,1
59,00061.jpg,N,5
60,00062.jpg,N,3
61,00063.jpg,N,1
62,00064.jpg,N,2
63,00065.jpg,N,3
64,00066.jpg,N,5
65,00067.jpg,N,4
66,00068.jpg,N,3
67,00069.jpg,N,4
68,00070.jpg,N,5
69,00071.jpg,N,4
70,00072.jpg,P,2
71,00073.jpg,N,5
72,00074.jpg,N,5
73,00075.jpg,N,4
74,00076.jpg,N,3
75,00077.jpg,N,4
76,00078.jpg,N,2
77,00079.jpg,N,5
78,00080.jpg,N,3
79,00081.jpg,N,1
80,00082.jpg,N,2
81,00083.jpg,N,5
82,00084.jpg,N,3
83,00085.jpg,N,4
84,00086.jpg,N,2
85,00087.jpg,N,5
86,00088.jpg,N,3
87,00089.jpg,N,1
88,00090.jpg,N,4
89,00091.jpg,N,2
90,00092.jpg,N,4
91,00094.jpg,N,1
92,00095.jpg,N,1
93,00096.jpg,N,4
94,00097.jpg,N,4
95,00098.jpg,P,5
96,00099.jpg,P,5
97,00100.jpg,N,1
98,00101.jpg,N,4
99,00102.jpg,N,2
100,00103.jpg,N,1
101,00104.jpg,N,3
102,00105.jpg,N,3
103,00106.jpg,N,1
104,00107.jpg,N,2
105,00108.jpg,N,1
106,00109.jpg,N,1
107,00110.jpg,N,3
108,00111.jpg,N,5
109,00112.jpg,P,1
110,00113.jpg,N,1
111,00114.jpg,N,3
112,00115.jpg,N,4
113,00116.jpg,N,2
114,00117.jpg,N,5
115,00118.jpg,N,4
116,00119.jpg,N,4
117,00120.jpg,N,3
118,00121.jpg,N,3
119,00122.jpg,N,3
120,00123.jpg,N,5
121,00124.jpg,N,4
122,00125.jpg,N,3
123,00126.jpg,N,5
124,00127.jpg,N,5
125,00128.jpg,N,5
126,00129.jpg,N,1
127,00130.jpg,N,4
128,00131.jpg,N,2
129,00132.jpg,N,2
130,00133.jpg,N,4
131,00134.jpg,N,3
132,00135.jpg,N,2
133,00136.jpg,N,2
134,00137.jpg,N,4
135,00138.jpg,N,1
136,00139.jpg,N,4
137,00140.jpg,N,1
138,00141.jpg,N,3
139,00142.jpg,N,2
140,00143.jpg,N,3
141,00144.jpg,N,2
142,00145.jpg,N,1
143,00146.jpg,N,3
144,00147.jpg,N,1
145,00148.jpg,N,3
146,00149.jpg,N,4
147,00150.jpg,N,4
148,00151.jpg,N,3
149,00152.jpg,N,3
150,00153.jpg,N,3
151,00154.jpg,N,2
152,00155.jpg,N,4
153,00156.jpg,N,2
154,00157.jpg,N,4
155,00158.jpg,N,3
156,00159.jpg,P,1
157,00160.jpg,P,1
158,00161.jpg,P,2
159,00162.jpg,P,1
160,00163.jpg,P,2
161,00164.jpg,P,5
162,00165.jpg,P,4
163,00166.jpg,P,1
164,00167.jpg,P,2
165,00168.jpg,P,1
166,00169.jpg,P,5
167,00170.jpg,N,3
168,00171.jpg,P,2
169,00172.jpg,P,3
170,00173.jpg,P,4
171,00174.jpg,P,4
172,00175.jpg,P,3
173,00176.jpg,P,5
174,00177.jpg,P,4
175,00178.jpg,P,4
176,00179.jpg,P,2
177,00180.jpg,P,3
178,00181.jpg,P,4
179,00182.jpg,N,1
180,00183.jpg,P,4
181,00184.jpg,N,2
182,00185.jpg,N,2
183,00186.jpg,P,3
184,00187.jpg,P,5
185,00188.jpg,P,3
186,00189.jpg,N,3
187,00193.jpg,P,3
188,00194.jpg,P,2
189,00195.jpg,P,4
190,00196.jpg,P,2
191,00197.jpg,P,2
192,00198.jpg,P,2
193,00199.jpg,N,2
194,00200.jpg,N,5
195,00202.jpg,N,3
196,00203.jpg,N,4
197,00204.jpg,P,1
198,00205.jpg,P,2
199,00206.jpg,P,1
200,00207.jpg,P,2
201,00208.jpg,P,5
202,00209.jpg,P,2
203,00210.jpg,N,1
204,00211.jpg,N,5
205,00212.jpg,P,4
206,00213.jpg,N,5
207,00214.jpg,P,5
208,00215.jpg,P,5
209,00216.jpg,N,4
210,00217.jpg,P,2
211,00218.jpg,P,1
212,00219.jpg,N,1
213,00220.jpg,P,5
214,00221.jpg,N,1
215,00223.jpg,N,5
216,00224.jpg,N,1
217,00225.jpg,N,1
218,00226.jpg,N,5
219,00227.jpg,N,1
220,00228.jpg,N,3
221,00229.jpg,N,2
222,00230.jpg,N,4
223,00231.jpg,N,4
224,00232.jpg,N,4
225,00233.jpg,N,3
226,00234.jpg,P,3
227,00235.jpg,P,4
228,00236.jpg,P,1
229,00237.jpg,P,4
230,00238.jpg,P,5
231,00239.jpg,P,3
232,00240.jpg,P,2
233,00241.jpg,P,5
234,00242.jpg,P,3
235,00243.jpg,P,3
236,00244.jpg,P,5
237,00245.jpg,P,1
238,00246.jpg,P,2
239,00247.jpg,P,3
240,00248.jpg,N,5
241,00249.jpg,P,1
242,00250.jpg,P,2
243,00251.jpg,P,3
244,00252.jpg,P,5
245,00253.jpg,P,3
246,00254.jpg,P,5
247,00255.jpg,P,3
248,00256.jpg,P,4
249,00257.jpg,P,5
250,00258.jpg,P,3
251,00259.jpg,P,4
252,00260.jpg,P,1
253,00261.jpg,P,2
254,00262.jpg,P,4
255,00263.jpg,P,5
256,00264.jpg,P,3
257,00265.jpg,P,1
258,00266.jpg,P,4
259,00267.jpg,P,5
260,00268.jpg,P,5
261,00269.jpg,P,2
262,00270.jpg,P,4
263,00271.jpg,P,5
264,00272.jpg,P,1
265,00273.jpg,P,1
266,00274.jpg,P,3
267,00275.jpg,P,1
268,00276.jpg,P,4
269,00277.jpg,P,3
270,00278.jpg,P,4
271,00279.jpg,P,3
272,00280.jpg,P,1
273,00281.jpg,P,3
274,00282.jpg,P,5
275,00283.jpg,P,2
276,00284.jpg,P,3
277,00285.jpg,P,5
278,00286.jpg,P,5
279,00287.jpg,P,5
280,00288.jpg,P,5
281,00289.jpg,P,1
282,00290.jpg,P,3
283,00291.jpg,P,1
284,00292.jpg,P,5
285,00293.jpg,P,4
286,00294.jpg,P,3
287,00295.jpg,P,2
288,00296.jpg,N,4
289,00297.jpg,N,1
290,00298.jpg,N,1
291,00299.jpg,N,4
292,00300.jpg,N,1
293,00301.jpg,P,3
294,00302.jpg,P,1
295,00303.jpg,P,3
296,00304.jpg,N,5
297,00305.jpg,P,3
298,00306.jpg,N,5
299,00307.jpg,P,2
300,00308.jpg,P,5
301,00309.jpg,P,4
302,00310.jpg,P,3
303,00311.jpg,P,1
304,00312.jpg,P,4
305,00314.jpg,P,4
306,00315.jpg,P,5
307,00316.jpg,P,5
308,00317.jpg,P,2
309,00318.jpg,P,4
310,00319.jpg,P,1
311,00320.jpg,P,5
312,00321.jpg,P,2
313,00322.jpg,N,2
314,00323.jpg,N,2
315,00324.jpg,P,5
316,00325.jpg,P,4
317,00326.jpg,P,3
318,00327.jpg,P,3
319,00328.jpg,P,2
320,00329.jpg,P,3
321,00330.jpg,P,1
322,00331.jpg,P,1
323,00332.jpg,P,1
324,00333.jpg,N,2
325,00334.jpg,N,5
326,00335.jpg,N,3
327,00336.jpg,N,1
328,00337.jpg,N,2
329,00338.jpg,N,4
330,00339.jpg,N,1
331,00340.jpg,N,5
332,00341.jpg,N,1
333,00342.jpg,N,2
334,00343.jpg,N,4
335,00344.jpg,N,2
336,00345.jpg,N,2
337,00346.jpg,N,5
338,00347.jpg,N,2
339,00348.jpg,P,4
340,00349.jpg,P,3
341,00350.jpg,N,3
342,00351.jpg,N,4
343,00352.jpg,N,3
344,00353.jpg,N,5
345,00354.jpg,N,3
346,00355.jpg,N,1
347,00356.jpg,N,1
348,00357.jpg,N,3
349,00358.jpg,N,4
350,00359.jpg,N,4
351,00360.jpg,N,3
352,00361.jpg,N,1
353,00362.jpg,N,2
354,00363.jpg,N,5
355,00364.jpg,N,1
356,00365.jpg,N,1
357,00366.jpg,N,2
358,00367.jpg,N,3
359,00368.jpg,N,2
360,00369.jpg,N,3
361,00370.jpg,N,1
362,00371.jpg,N,5
363,00372.jpg,N,4
364,00373.jpg,N,3
365,00374.jpg,N,2
366,00375.jpg,N,1
367,00376.jpg,N,3
368,00377.jpg,N,2
369,00378.jpg,N,2
370,00379.jpg,N,4
371,00380.jpg,N,2
372,00381.jpg,N,2
373,00382.jpg,N,1
374,00383.jpg,N,1
375,00384.jpg,N,1
376,00385.jpg,N,5
377,00386.jpg,N,2
378,00387.jpg,N,2
379,00388.jpg,N,3
380,00389.jpg,N,2
381,00390.jpg,N,1
382,00391.jpg,N,2
383,00392.jpg,N,1
384,00393.jpg,N,5
385,00394.jpg,N,1
386,00395.jpg,N,4
387,00396.jpg,N,5
388,00397.jpg,N,2
389,00398.jpg,N,1
390,00399.jpg,N,1
391,00400.jpg,N,4
392,00401.jpg,N,3
393,00402.jpg,N,3
394,00403.jpg,N,4
395,00404.jpg,N,2
396,00405.jpg,N,5
397,00406.jpg,N,4
398,00407.jpg,N,3
399,00408.jpg,N,1
400,00409.jpg,N,1
401,00410.jpg,N,5
402,00411.jpg,N,1
403,00412.jpg,N,5
404,00413.jpg,N,2
405,00414.jpg,N,3
406,00415.jpg,N,4
407,00416.jpg,P,4
408,00417.jpg,N,5
409,00418.jpg,P,5
410,00419.jpg,N,3
411,00420.jpg,N,4
412,00421.jpg,N,4
413,00422.jpg,N,5
414,00423.jpg,N,2
415,00424.jpg,N,3
416,00425.jpg,N,1
417,00426.jpg,N,5
418,00427.jpg,N,2
419,00428.jpg,N,5
420,00429.jpg,N,2
421,00430.jpg,N,3
422,00431.jpg,N,4
423,00432.jpg,N,5
424,00433.jpg,N,2
425,00434.jpg,N,5
426,00435.jpg,N,3
427,00436.jpg,N,5
428,00437.jpg,N,2
429,00438.jpg,N,1
430,00439.jpg,N,1
431,00440.jpg,N,5
432,00441.jpg,N,5
433,00442.jpg,N,4
434,00443.jpg,N,2
435,00444.jpg,N,1
436,00445.jpg,N,2
437,00446.jpg,N,1
438,00447.jpg,N,5
439,00448.jpg,N,5
440,00449.jpg,N,5
441,00450.jpg,N,4
442,00451.jpg,N,2
443,00452.jpg,N,2
444,00453.jpg,N,5
445,00454.jpg,N,5
446,00455.jpg,N,3
447,00456.jpg,N,4
448,00457.jpg,N,1
449,00458.jpg,N,3
450,00459.jpg,N,4
451,00460.jpg,N,4
452,00461.jpg,N,2
453,00462.jpg,N,1
454,00463.jpg,N,3
455,00464.jpg,N,3
456,00465.jpg,N,5
457,00466.jpg,N,5
458,00467.jpg,N,4
459,00468.jpg,N,4
460,00469.jpg,N,3
461,00470.jpg,N,5
462,00471.jpg,N,5
463,00472.jpg,N,2
464,00473.jpg,N,5
465,00474.jpg,N,5
466,00475.jpg,N,3
467,00476.jpg,N,5
468,00477.jpg,N,3
469,00478.jpg,N,5
470,00479.jpg,N,5
471,00480.jpg,N,3
472,00481.jpg,N,2
473,00482.jpg,N,3
474,00483.jpg,N,2
475,00484.jpg,N,4
476,00485.jpg,N,4
477,00486.jpg,N,5
478,00487.jpg,N,4
479,00488.jpg,N,5
480,00489.jpg,N,3
481,00490.jpg,N,2
482,00491.jpg,N,4
483,00492.jpg,N,1
484,00493.jpg,N,5
485,00494.jpg,N,4
486,00495.jpg,N,4
487,00496.jpg,N,1
488,00497.jpg,N,5
489,00498.jpg,N,3
490,00499.jpg,N,3
491,00500.jpg,N,2
492,00501.jpg,N,3
493,00502.jpg,N,4
494,00503.jpg,N,3
495,00504.jpg,P,4
496,00505.jpg,P,5
497,00506.jpg,P,2
498,00507.jpg,N,3
499,00508.jpg,N,5
500,00509.jpg,N,5
501,00510.jpg,N,5
502,00511.jpg,N,5
503,00512.jpg,N,5
504,00513.jpg,N,3
505,00514.jpg,N,4
506,00515.jpg,N,5
507,00516.jpg,N,2
508,00517.jpg,N,4
509,00518.jpg,N,5
510,00519.jpg,N,4
511,00520.jpg,N,1
512,00521.jpg,N,1
513,00522.jpg,N,3
514,00523.jpg,N,1
515,00524.jpg,N,3
516,00525.jpg,N,5
517,00526.jpg,N,3
518,00527.jpg,N,1
519,00528.jpg,N,1
520,00529.jpg,N,4
521,00530.jpg,N,2
522,00531.jpg,N,4
523,00532.jpg,N,2
524,00533.jpg,N,2
525,00534.jpg,N,1
526,00535.jpg,N,4
527,00536.jpg,N,4
528,00537.jpg,N,1
529,00538.jpg,N,5
530,00539.jpg,N,4
531,00540.jpg,N,5
532,00541.jpg,N,2
533,00542.jpg,N,2
534,00543.jpg,N,5
535,00544.jpg,N,5
536,00545.jpg,N,4
537,00546.jpg,N,1
538,00547.jpg,N,1
539,00548.jpg,N,1
540,00549.jpg,N,1
541,00550.jpg,N,3
542,00551.jpg,N,1
543,00552.jpg,N,2
544,00553.jpg,N,2
545,00554.jpg,N,3
546,00555.jpg,N,5
547,00556.jpg,N,5
548,00557.jpg,N,1
549,00558.jpg,N,5
550,00559.jpg,N,2
551,00560.jpg,N,2
552,00561.jpg,N,2
553,00562.jpg,N,1
554,00563.jpg,N,4
555,00564.jpg,N,5
556,00565.jpg,N,3
557,00566.jpg,N,3
558,00567.jpg,N,2
559,00568.jpg,N,5
560,00569.jpg,N,4
561,00570.jpg,N,1
562,00571.jpg,N,3
563,00572.jpg,N,2
564,00573.jpg,N,3
565,00574.jpg,N,3
566,00575.jpg,N,5
567,00576.jpg,N,4
568,00577.jpg,N,5
569,00578.jpg,N,4
570,00579.jpg,N,2
571,00580.jpg,N,4
572,00581.jpg,N,4
573,00582.jpg,N,2
574,00583.jpg,N,1
575,00584.jpg,N,5
576,00585.jpg,N,4
577,00586.jpg,N,5
578,00587.jpg,N,3
579,00588.jpg,N,4
580,00589.jpg,N,4
581,00590.jpg,N,1
582,00591.jpg,N,3
583,00592.jpg,N,5
584,00593.jpg,N,4
585,00594.jpg,N,5
586,00595.jpg,N,2
587,00596.jpg,N,5
588,00597.jpg,N,5
589,00598.jpg,N,4
590,00599.jpg,N,1
591,00600.jpg,N,1
592,00601.jpg,N,5
593,00602.jpg,N,4
594,00603.jpg,N,2
595,00604.jpg,N,3
596,00605.jpg,N,3
597,00606.jpg,N,2
598,00607.jpg,N,2
599,00608.jpg,N,5
600,00609.jpg,N,4
601,00610.jpg,N,5
602,00611.jpg,N,2
603,00612.jpg,N,4
604,00613.jpg,P,1
605,00614.jpg,P,1
606,00615.jpg,P,1
607,00616.jpg,P,4
608,00617.jpg,P,4
609,00618.jpg,P,1
610,00619.jpg,P,4
611,00621.jpg,P,2
612,00622.jpg,P,1
613,00623.jpg,P,5
614,00624.jpg,P,3
615,00625.jpg,P,1
616,00626.jpg,P,5
617,00627.jpg,P,3
618,00628.jpg,P,5
619,00629.jpg,P,1
620,00630.jpg,P,5
621,00631.jpg,P,2
622,00632.jpg,P,5
623,00633.jpg,P,2
624,00634.jpg,P,5
625,00635.jpg,P,2
626,00636.jpg,P,1
627,00637.jpg,P,2
628,00638.jpg,P,5
629,00639.jpg,P,4
630,00640.jpg,P,2
631,00641.jpg,P,3
632,00642.jpg,P,1
633,00643.jpg,P,2
634,00644.jpg,P,5
635,00645.jpg,P,3
636,00646.jpg,P,3
637,00647.jpg,P,1
638,00648.jpg,P,3
639,00649.jpg,P,2
640,00650.jpg,N,1
641,00651.jpg,N,1
642,00652.jpg,N,5
643,00653.jpg,N,3
644,00654.jpg,N,1
645,00655.jpg,N,1
646,00656.jpg,N,1
647,00657.jpg,N,3
648,00658.jpg,N,2
649,00659.jpg,N,3
650,00660.jpg,N,1
651,00661.jpg,N,4
652,00662.jpg,N,3
653,00663.jpg,N,2
654,00664.jpg,N,4
655,00665.jpg,N,2
656,00666.jpg,N,2
657,00667.jpg,N,5
658,00668.jpg,N,1
659,00669.jpg,N,4
660,00670.jpg,N,3
661,00671.jpg,N,2
662,00672.jpg,N,5
663,00673.jpg,N,5
664,00674.jpg,N,5
665,00675.jpg,N,3
666,00676.jpg,N,1
667,00677.jpg,N,4
668,00678.jpg,N,4
669,00679.jpg,N,1
670,00680.jpg,N,3
671,00681.jpg,N,3
672,00682.jpg,N,4
673,00683.jpg,P,5
674,00684.jpg,P,1
675,00685.jpg,P,1
676,00686.jpg,P,3
677,00687.jpg,P,2
678,00688.jpg,P,3
679,00689.jpg,P,1
680,00690.jpg,P,4
681,00691.jpg,P,4
682,00692.jpg,P,3
683,00693.jpg,P,4
684,00694.jpg,P,3
685,00695.jpg,P,3
686,00696.jpg,P,2
687,00697.jpg,P,2
688,00698.jpg,P,5
689,00699.jpg,P,4
690,00700.jpg,P,5
691,00701.jpg,P,3
692,00702.jpg,P,2
693,00703.jpg,P,4
694,00704.jpg,N,4
695,00705.jpg,N,1
696,00706.jpg,N,2
697,00711.jpg,P,2
698,00712.jpg,P,3
699,00713.jpg,P,4
700,00714.jpg,P,2
701,00715.jpg,P,4
702,00716.jpg,P,5
703,00717.jpg,P,2
704,00718.jpg,P,4
705,00719.jpg,P,5
706,00720.jpg,P,5
707,00721.jpg,P,3
708,00722.jpg,P,2
709,00723.jpg,P,1
710,00724.jpg,P,5
711,00725.jpg,P,2
712,00726.jpg,P,4
713,00727.jpg,P,4
714,00728.jpg,P,1
715,00729.jpg,P,3
716,00730.jpg,P,4
717,00731.jpg,P,3
718,00732.jpg,P,1
719,00733.jpg,P,3
720,00734.jpg,P,1
721,00735.jpg,P,1
722,00736.jpg,P,5
723,00737.jpg,P,4
724,00738.jpg,P,3
725,00739.jpg,P,1
726,00740.jpg,P,5
727,00741.jpg,P,5
728,00742.jpg,P,3
729,00743.jpg,P,3
730,00744.jpg,P,1
731,00745.jpg,P,2
732,00746.jpg,P,4
733,00747.jpg,P,4
734,00748.jpg,P,5
735,00749.jpg,P,2
736,00750.jpg,P,5
737,00751.jpg,P,3
738,00752.jpg,P,5
739,00753.jpg,P,4
740,00754.jpg,P,5
741,00755.jpg,P,3
742,00756.jpg,P,5
743,00757.jpg,P,5
744,00758.jpg,P,3
745,00759.jpg,P,3
746,00760.jpg,P,5
747,00761.jpg,P,2
748,00762.jpg,P,1
749,00763.jpg,P,2
750,00764.jpg,P,5
751,00765.jpg,P,3
752,00766.jpg,P,2
753,00767.jpg,P,2
754,00768.jpg,P,3
755,00769.jpg,P,3
756,00770.jpg,P,1
757,00771.jpg,P,1
758,00772.jpg,P,3
759,00773.jpg,P,4
760,00774.jpg,P,5
761,00775.jpg,P,3
762,00776.jpg,P,1
763,00777.jpg,P,4
764,00778.jpg,P,3
765,00779.jpg,P,1
766,00780.jpg,P,5
767,00781.jpg,P,1
768,00782.jpg,P,4
769,00783.jpg,P,3
770,00784.jpg,P,3
771,00785.jpg,P,2
772,00786.jpg,P,1
773,00787.jpg,P,5
774,00788.jpg,P,2
775,00789.jpg,P,4
776,00790.jpg,P,4
777,00791.jpg,P,4
778,00792.jpg,P,4
779,00793.jpg,P,1
780,00794.jpg,P,4
781,00795.jpg,P,1
782,00796.jpg,P,3
783,00797.jpg,P,1
784,00798.jpg,P,1
785,00799.jpg,P,5
786,00800.jpg,P,4
787,00801.jpg,P,4
788,00802.jpg,P,3
789,00803.jpg,P,5
790,00804.jpg,P,4
791,00805.jpg,P,3
792,00806.jpg,P,2
793,00807.jpg,P,4
794,00808.jpg,P,5
795,00809.jpg,P,2
796,00810.jpg,P,5
797,00811.jpg,P,4
798,00812.jpg,P,1
799,00813.jpg,P,1
800,00814.jpg,P,3
801,00815.jpg,P,5
802,00816.jpg,P,1
803,00817.jpg,P,4
804,00818.jpg,P,3
805,00819.jpg,P,1
806,00820.jpg,P,5
807,00821.jpg,P,4
808,00822.jpg,P,5
809,00823.jpg,P,3
810,00824.jpg,P,5
811,00825.jpg,P,1
812,00826.jpg,P,4
813,00827.jpg,P,4
814,00828.jpg,P,2
815,00829.jpg,P,2
816,00830.jpg,P,4
817,00831.jpg,P,1
818,00832.jpg,P,1
819,00833.jpg,P,5
820,00834.jpg,P,1
821,00835.jpg,P,2
822,00836.jpg,P,2
823,00837.jpg,P,4
824,00838.jpg,P,2
825,00839.jpg,P,1
826,00840.jpg,P,2
827,00841.jpg,P,3
828,00842.jpg,P,1
829,00843.jpg,P,3
830,00844.jpg,P,1
831,00845.jpg,P,5
832,00846.jpg,P,3
833,00847.jpg,P,4
834,00848.jpg,P,1
835,00849.jpg,P,5
836,00850.jpg,P,3
837,00851.jpg,P,1
838,00852.jpg,P,5
839,00853.jpg,P,1
840,00854.jpg,P,4
841,00855.jpg,P,1
842,00856.jpg,P,2
843,00857.jpg,P,5
844,00858.jpg,P,2
845,00859.jpg,P,3
846,00860.jpg,P,1
847,00861.jpg,P,5
848,00862.jpg,P,5
849,00863.jpg,P,3
850,00864.jpg,P,2
851,00865.jpg,P,5
852,00866.jpg,P,5
853,00867.jpg,P,3
854,00868.jpg,P,2
855,00869.jpg,P,2
856,00870.jpg,P,3
857,00871.jpg,P,3
858,00872.jpg,P,1
859,00873.jpg,P,5
860,00874.jpg,P,3
861,00875.jpg,P,3
862,00876.jpg,P,1
863,00877.jpg,P,2
864,00878.jpg,P,2
865,00879.jpg,P,3
866,00880.jpg,P,5
867,00881.jpg,P,4
868,00882.jpg,P,4
869,00883.jpg,P,4
870,00884.jpg,P,3
871,00885.jpg,P,4
872,00886.jpg,P,2
873,00887.jpg,P,2
874,00888.jpg,P,3
875,00889.jpg,P,4
876,00890.jpg,P,5
877,00891.jpg,P,4
878,00892.jpg,P,5
879,00893.jpg,P,1
880,00894.jpg,P,3
881,00895.jpg,P,5
882,00896.jpg,P,5
883,00897.jpg,P,5
884,00898.jpg,P,4
885,00899.jpg,P,4
886,00900.jpg,P,5
887,00901.jpg,P,1
888,00902.jpg,P,3
889,00903.jpg,P,1
890,00904.jpg,P,3
891,00905.jpg,P,3
892,00906.jpg,P,1
893,00907.jpg,P,5
894,00908.jpg,P,2
895,00909.jpg,P,1
896,00910.jpg,P,5
897,00911.jpg,P,2
898,00912.jpg,P,3
899,00913.jpg,P,2
900,00914.jpg,P,5
901,00915.jpg,P,3
902,00916.jpg,P,2
903,00917.jpg,P,1
904,00918.jpg,P,3
905,00919.jpg,P,1
906,00920.jpg,P,3
907,00921.jpg,P,4
908,00922.jpg,P,4
909,00923.jpg,N,2
910,00924.jpg,P,3
911,00925.jpg,P,3
912,00926.jpg,P,2
913,00927.jpg,P,2
914,00928.jpg,P,3
915,00929.jpg,P,4
916,00930.jpg,P,4
917,00931.jpg,P,1
918,00932.jpg,P,2
919,00933.jpg,N,2
920,00934.jpg,N,5
921,00935.jpg,P,2
922,00936.jpg,P,2
923,00937.jpg,N,2
924,00938.jpg,N,5
925,00939.jpg,P,5
926,00940.jpg,N,1
927,00941.jpg,N,1
928,00942.jpg,N,4
929,00943.jpg,N,1
930,00944.jpg,N,2
931,00945.jpg,N,4
932,00946.jpg,N,4
933,00947.jpg,N,1
934,00948.jpg,N,4
935,00949.jpg,N,3
936,00950.jpg,N,2
937,00951.jpg,N,1
938,00952.jpg,N,3
939,00953.jpg,N,1
940,00954.jpg,N,2
941,00955.jpg,P,3
942,00956.jpg,P,1
943,00957.jpg,N,3
944,00958.jpg,N,5
945,00959.jpg,N,5
946,00960.jpg,N,5
947,00961.jpg,N,1
948,00962.jpg,N,3
949,00963.jpg,N,2
950,00964.jpg,N,5
951,00965.jpg,N,2
952,00966.jpg,N,1
953,00967.jpg,N,2
954,00968.jpg,N,3
955,00969.jpg,N,1
956,00970.jpg,N,1
957,00971.jpg,N,1
958,00972.jpg,N,5
959,00973.jpg,N,3
960,00974.jpg,N,4
961,00975.jpg,N,3
962,00976.jpg,N,1
963,00977.jpg,N,4
964,00978.jpg,N,1
965,00979.jpg,N,3
966,00980.jpg,N,5
967,00981.jpg,N,3
968,00982.jpg,N,2
969,00983.jpg,N,1
970,00984.jpg,N,2
971,00985.jpg,N,2
972,00986.jpg,N,2
973,00987.jpg,N,4
974,00988.jpg,N,2
975,00989.jpg,N,1
976,00990.jpg,N,5
977,00991.jpg,N,4
978,00992.jpg,N,1
979,00993.jpg,N,4
980,00994.jpg,N,1
981,00995.jpg,N,2
982,00996.jpg,N,2
983,00997.jpg,N,2
984,00998.jpg,N,3
985,00999.jpg,N,2
986,01000.jpg,N,3
987,01001.jpg,N,2
988,01002.jpg,N,5
989,01003.jpg,N,4
990,01004.jpg,P,1
991,01005.jpg,P,5
992,01006.jpg,P,2
993,01007.jpg,P,1
994,01008.jpg,P,5
995,01009.jpg,P,2
996,01010.jpg,P,1
997,01011.jpg,P,1
998,01012.jpg,P,3
999,01013.jpg,P,5
1000,01014.jpg,P,5
1001,01015.jpg,P,4
1002,01016.jpg,P,1
1003,01017.jpg,P,1
1004,01018.jpg,P,5
1005,01019.jpg,P,5
1006,01020.jpg,P,1
1007,01021.jpg,P,2
1008,01023.jpg,P,4
1009,01024.jpg,P,1
1010,01025.jpg,P,1
1011,01026.jpg,P,2
1012,01027.jpg,P,5
1013,01028.jpg,P,3
1014,01029.jpg,P,1
1015,01030.jpg,P,5
1016,01031.jpg,P,3
1017,01032.jpg,P,2
1018,01033.jpg,P,2
1019,01034.jpg,P,3
1020,01035.jpg,P,1
1021,01036.jpg,P,5
1022,01037.jpg,P,3
1023,01038.jpg,P,3
1024,01039.jpg,P,2
1025,01040.jpg,P,5
1026,01041.jpg,P,3
1027,01042.jpg,P,5
1028,01043.jpg,P,4
1029,01044.jpg,P,3
1030,01045.jpg,P,2
1031,01046.jpg,P,4
1032,01047.jpg,P,5
1033,01048.jpg,P,2
1034,01049.jpg,P,5
1035,01050.jpg,P,2
1036,01051.jpg,P,2
1037,01052.jpg,P,2
1038,01053.jpg,P,3
1039,01054.jpg,P,5
1040,01055.jpg,P,5
1041,01056.jpg,P,5
1042,01057.jpg,P,3
1043,01058.jpg,P,1
1044,01059.jpg,P,2
1045,01060.jpg,P,1
1046,01061.jpg,P,4
1047,01062.jpg,N,5
1048,01063.jpg,N,1
1049,01064.jpg,N,4
1050,01065.jpg,N,5
1051,01066.jpg,N,3
1052,01067.jpg,N,1
1053,01068.jpg,N,3
1054,01069.jpg,N,1
1055,01070.jpg,N,5
1056,01071.jpg,N,3
1057,01072.jpg,N,5
1058,01073.jpg,N,2
1059,01074.jpg,P,3
1060,01075.jpg,N,2
1061,01076.jpg,N,5
1062,01077.jpg,N,1
1063,01078.jpg,N,3
1064,01079.jpg,N,4
1065,01080.jpg,N,5
1066,01081.jpg,N,1
1067,01082.jpg,N,4
1068,01083.jpg,N,5
1069,01084.jpg,N,1
1070,01085.jpg,N,4
1071,01086.jpg,N,2
1072,01087.jpg,N,4
1073,01088.jpg,N,3
1074,01089.jpg,N,2
1075,01090.jpg,N,4
1076,01091.jpg,N,3
1077,01092.jpg,N,4
1078,01093.jpg,N,1
1079,01094.jpg,N,5
1080,01095.jpg,N,5
1081,01096.jpg,N,1
1082,01097.jpg,N,2
1083,01098.jpg,N,5
1084,01099.jpg,N,2
1085,01100.jpg,N,1
1086,01101.jpg,N,3
1087,01102.jpg,N,4
1088,01103.jpg,N,5
1089,01104.jpg,N,4
1090,01105.jpg,N,5
1091,01106.jpg,N,4
1092,01107.jpg,N,1
1093,01108.jpg,N,1
1094,01109.jpg,N,3
1095,01110.jpg,N,3
1096,01111.jpg,N,2
1097,01112.jpg,N,3
1098,01113.jpg,N,3
1099,01114.jpg,N,3
1100,01115.jpg,N,2
1101,01116.jpg,N,5
1102,01117.jpg,N,2
1103,01118.jpg,N,2
1104,01119.jpg,N,5
1105,01120.jpg,N,4
1106,01121.jpg,N,2
1107,01122.jpg,N,4
1108,01123.jpg,N,5
1109,01124.jpg,P,3
1110,01125.jpg,N,2
1111,01126.jpg,P,5
1112,01127.jpg,N,5
1113,01128.jpg,P,4
1114,01129.jpg,N,1
1115,01130.jpg,N,3
1116,01131.jpg,N,4
1117,01132.jpg,N,1
1118,01133.jpg,N,3
1119,01134.jpg,N,2
1120,01135.jpg,N,5
1121,01136.jpg,N,2
1122,01137.jpg,N,3
1123,01138.jpg,N,5
1124,01139.jpg,N,3
1125,01140.jpg,N,2
1126,01141.jpg,N,2
1127,01142.jpg,N,4
1128,01143.jpg,P,3
1129,01144.jpg,P,2
1130,01145.jpg,P,5
1131,01146.jpg,P,3
1132,01147.jpg,P,2
1133,01148.jpg,P,3
1134,01149.jpg,P,5
1135,01150.jpg,P,2
1136,01151.jpg,P,3
1137,01152.jpg,P,4
1138,01153.jpg,N,3
1139,01154.jpg,P,2
1140,01155.jpg,P,5
1141,01156.jpg,P,2
1142,01157.jpg,P,3
1143,01158.jpg,P,4
1144,01159.jpg,P,1
1145,01160.jpg,P,5
1146,01161.jpg,P,2
1147,01162.jpg,P,4
1148,01163.jpg,P,4
1149,01164.jpg,P,3
1150,01165.jpg,P,1
1151,01166.jpg,P,1
1152,01167.jpg,P,4
1153,01168.jpg,P,5
1154,01169.jpg,P,1
1155,01170.jpg,P,1
1156,01171.jpg,P,1
1157,01172.jpg,P,2
1158,01173.jpg,P,4
1159,01174.jpg,P,1
1160,01175.jpg,P,1
1161,01176.jpg,P,5
1162,01177.jpg,P,4
1163,01178.jpg,P,3
1164,01179.jpg,P,4
1165,01180.jpg,P,1
1166,01181.jpg,P,1
1167,01182.jpg,P,3
1168,01183.jpg,P,5
1169,01184.jpg,P,3
1170,01185.jpg,P,2
1171,01186.jpg,P,2
1172,01187.jpg,P,1
1173,01188.jpg,P,3
1174,01189.jpg,P,3
1175,01190.jpg,P,4
1176,01191.jpg,P,4
1177,01192.jpg,P,4
1178,01193.jpg,P,5
1179,01194.jpg,P,2
1180,01195.jpg,P,1
1181,01196.jpg,P,1
1182,01197.jpg,P,2
1183,01198.jpg,P,3
1184,01199.jpg,P,5
1185,01200.jpg,P,4
1186,01201.jpg,P,4
1187,01202.jpg,P,1
1188,01203.jpg,P,2
1189,01204.jpg,P,3
1190,01205.jpg,P,5
1191,01206.jpg,P,4
1192,01207.jpg,P,1
1193,01208.jpg,P,1
1194,01209.jpg,P,1
1195,01210.jpg,P,3
1196,01211.jpg,P,2
1197,01212.jpg,P,4
1198,01213.jpg,P,1
1199,01214.jpg,P,4
1200,01215.jpg,P,1
1201,01216.jpg,P,1
1202,01217.jpg,P,1
1203,01218.jpg,P,4
1204,01219.jpg,P,4
1205,01220.jpg,P,3
1206,01221.jpg,P,4
1207,01222.jpg,P,2
1208,01223.jpg,P,3
1209,01224.jpg,P,3
1210,01225.jpg,P,2
1211,01226.jpg,P,3
1212,01227.jpg,P,2
1213,01228.jpg,P,3
1214,01229.jpg,P,4
1215,01230.jpg,P,5
1216,01231.jpg,P,2
1217,01232.jpg,P,5
1218,01233.jpg,P,5
1219,01234.jpg,P,1
1220,01235.jpg,P,3
1221,01236.jpg,P,1
1222,01237.jpg,P,1
1223,01238.jpg,P,4
1224,01239.jpg,P,1
1225,01240.jpg,P,2
1226,01241.jpg,P,4
1227,01242.jpg,P,2
1228,01243.jpg,P,2
1229,01244.jpg,P,5
1230,01245.jpg,P,5
1231,01246.jpg,P,2
1232,01247.jpg,P,4
1233,01248.jpg,P,4
1234,01249.jpg,P,3
1235,01250.jpg,P,5
1236,01251.jpg,P,5
1237,01252.jpg,P,3
1238,01253.jpg,P,5
1239,01254.jpg,P,3
1240,01255.jpg,P,2
1241,01256.jpg,P,4
1242,01257.jpg,P,4
1243,01258.jpg,P,3
1244,01259.jpg,P,3
1245,01260.jpg,P,4
1246,01261.jpg,P,5
1247,01262.jpg,P,2
1248,01263.jpg,P,1
1249,01264.jpg,P,4
1250,01265.jpg,P,3
1251,01266.jpg,P,3
1252,01267.jpg,P,3
1253,01268.jpg,P,2
1254,01269.jpg,P,4
1255,01270.jpg,P,2
1256,01271.jpg,N,2
1257,01272.jpg,N,1
1258,01273.jpg,N,1
1259,01274.jpg,N,2
1260,01275.jpg,N,1
1261,01276.jpg,N,2
1262,01277.jpg,P,4
1263,01278.jpg,P,5
1264,01279.jpg,P,5
1265,01280.jpg,P,3
1266,01281.jpg,P,2
1267,01282.jpg,P,4
1268,01283.jpg,N,5
1269,01284.jpg,N,2
1270,01285.jpg,N,5
1271,01286.jpg,N,3
1272,01287.jpg,N,2
1273,01288.jpg,N,5
1274,01289.jpg,N,1
1275,01290.jpg,N,1
1276,01291.jpg,N,4
1277,01292.jpg,N,5
1278,01293.jpg,N,1
1279,01294.jpg,N,4
1280,01295.jpg,N,5
1281,01296.jpg,N,5
1282,01297.jpg,N,3
1283,01298.jpg,N,1
1284,01299.jpg,N,1
1285,01300.jpg,N,3
1286,01301.jpg,N,3
1287,01302.jpg,N,2
1288,01303.jpg,N,2
1289,01304.jpg,N,2
1290,01305.jpg,N,1
1291,01306.jpg,N,4
1292,01307.jpg,N,3
1293,01308.jpg,N,4
1294,01309.jpg,N,1
1295,01310.jpg,N,2
1296,01311.jpg,N,4
1297,01312.jpg,N,4
1298,01313.jpg,N,1
1299,01314.jpg,N,1
1300,01315.jpg,N,5
1301,01316.jpg,N,3
1302,01317.jpg,N,2
1303,01318.jpg,N,4
1304,01319.jpg,N,1
1305,01320.jpg,N,3
1306,01321.jpg,N,5
1307,01322.jpg,N,2
1308,01323.jpg,N,2
1309,01324.jpg,N,4
1310,01325.jpg,N,2
1311,01326.jpg,N,2
1312,01327.jpg,N,4
1313,01328.jpg,N,2
1314,01329.jpg,N,1
1315,01330.jpg,N,4
1316,01331.jpg,N,1
1317,01332.jpg,N,4
1318,01333.jpg,N,2
1319,01334.jpg,N,5
1320,01335.jpg,N,2
1321,01336.jpg,N,4
1322,01337.jpg,N,2
1323,01338.jpg,N,4
1324,01339.jpg,N,5
1325,01340.jpg,N,2
1326,01341.jpg,N,4
1327,01342.jpg,N,4
1328,01343.jpg,N,5
1329,01344.jpg,N,2
1330,01345.jpg,N,3
1331,01346.jpg,N,1
1332,01347.jpg,P,3
1333,01348.jpg,P,3
1334,01349.jpg,P,4
1335,01350.jpg,P,3
1336,01351.jpg,P,1
1337,01352.jpg,P,1
1338,01353.jpg,P,2
1339,01354.jpg,P,5
1340,01355.jpg,P,2
1341,01356.jpg,P,2
1342,01357.jpg,P,3
1343,01358.jpg,P,5
1344,01359.jpg,N,4
1345,01360.jpg,N,2
1346,01361.jpg,N,5
1347,01362.jpg,N,1
1348,01363.jpg,N,3
1349,01364.jpg,N,2
1350,01365.jpg,N,4
1351,01366.jpg,N,1
1352,01367.jpg,N,1
1353,01368.jpg,N,3
1354,01369.jpg,N,4
1355,01370.jpg,N,5
1356,01371.jpg,N,5
1357,01372.jpg,N,3
1358,01373.jpg,N,5
1359,01374.jpg,N,5
1360,01375.jpg,N,2
1361,01376.jpg,N,2
1362,01377.jpg,N,4
1363,01378.jpg,N,2
1364,01379.jpg,N,1
1365,01380.jpg,N,1
1366,01381.jpg,N,1
1367,01382.jpg,N,3
1368,01383.jpg,N,1
1369,01384.jpg,N,3
1370,01385.jpg,N,4
1371,01386.jpg,N,3
1372,01387.jpg,N,1
1373,01388.jpg,N,1
1374,01389.jpg,N,5
1375,01390.jpg,N,2
1376,01391.jpg,N,2
1377,01392.jpg,N,3
1378,01393.jpg,N,3
1379,01394.jpg,N,5
1380,01395.jpg,N,4
1381,01396.jpg,N,4
1382,01397.jpg,N,3
1383,01398.jpg,N,3
1384,01399.jpg,N,1
1385,01400.jpg,N,1
1386,01401.jpg,N,5
1387,01402.jpg,N,3
1388,01403.jpg,N,1
1389,01404.jpg,N,5
1390,01405.jpg,N,4
1391,01406.jpg,N,4
1392,01407.jpg,N,4
1393,01408.jpg,N,3
1394,01409.jpg,N,3
1395,01410.jpg,N,1
1396,01411.jpg,N,1
1397,01412.jpg,N,1
1398,01413.jpg,N,3
1399,01414.jpg,N,2
1400,01415.jpg,N,3
1401,01416.jpg,N,2
1402,01417.jpg,N,2
1403,01418.jpg,N,4
1404,01419.jpg,N,3
1405,01420.jpg,N,5
1406,01421.jpg,N,4
1407,01422.jpg,N,3
1408,01423.jpg,N,1
1409,01424.jpg,N,2
1410,01425.jpg,N,5
1411,01426.jpg,N,2
1412,01427.jpg,N,1
1413,01428.jpg,N,3
1414,01429.jpg,N,5
1415,01430.jpg,N,4
1416,01431.jpg,N,5
1417,01432.jpg,N,2
1418,01433.jpg,N,4
1419,01434.jpg,N,1
1420,01435.jpg,N,3
1421,01436.jpg,N,2
1422,01437.jpg,N,1
1423,01438.jpg,N,4
1424,01439.jpg,N,5
1425,01440.jpg,N,2
1426,01441.jpg,N,4
1427,01442.jpg,N,3
1428,01443.jpg,N,3
1429,01444.jpg,N,5
1430,01445.jpg,N,2
1431,01446.jpg,N,2
1432,01447.jpg,N,1
1433,01448.jpg,N,2
1434,01449.jpg,N,3
1435,01450.jpg,N,1
1436,01451.jpg,N,5
1437,01452.jpg,N,3
1438,01453.jpg,N,3
1439,01454.jpg,N,4
1440,01455.jpg,N,4
1441,01456.jpg,N,4
1442,01457.jpg,N,1
1443,01458.jpg,N,3
1444,01459.jpg,N,5
1445,01460.jpg,N,1
1446,01461.jpg,N,2
1447,01462.jpg,N,1
1448,01463.jpg,N,1
1449,01464.jpg,N,5
1450,01465.jpg,N,1
1451,01466.jpg,N,3
1452,01467.jpg,N,5
1453,01468.jpg,N,1
1454,01469.jpg,N,2
1455,01470.jpg,N,4
1456,01471.jpg,N,5
1457,01472.jpg,N,3
1458,01473.jpg,N,1
1459,01474.jpg,N,1
1460,01475.jpg,N,3
1461,01476.jpg,N,4
1462,01477.jpg,N,5
1463,01478.jpg,N,2
1464,01479.jpg,N,2
1465,01480.jpg,N,5
1466,01481.jpg,N,3
1467,01482.jpg,N,1
1468,01483.jpg,P,2
1469,01484.jpg,P,2
1470,01485.jpg,P,1
1471,01486.jpg,P,2
1472,01487.jpg,P,1
1473,01488.jpg,P,3
1474,01489.jpg,P,2
1475,01490.jpg,P,4
1476,01491.jpg,P,4
1477,01492.jpg,P,1
1478,01493.jpg,P,2
1479,01494.jpg,P,3
1480,01495.jpg,P,5
1481,01496.jpg,P,3
1482,01497.jpg,N,5
1483,01498.jpg,N,2
1484,01499.jpg,N,4
1485,01500.jpg,N,1
1486,01501.jpg,N,5
1487,01502.jpg,N,3
1488,01503.jpg,P,4
1489,01504.jpg,P,1
1490,01505.jpg,N,4
1491,01506.jpg,N,3
1492,01507.jpg,P,1
1493,01508.jpg,P,3
1494,01509.jpg,P,5
1495,01510.jpg,P,2
1496,01511.jpg,P,2
1497,01512.jpg,P,1
1498,01513.jpg,P,2
1499,01514.jpg,P,4
1500,01515.jpg,P,2
1501,01516.jpg,P,5
1502,01517.jpg,P,1
1503,01518.jpg,P,5
1504,01519.jpg,P,3
1505,01520.jpg,P,3
1506,01521.jpg,P,3
1507,01522.jpg,P,3
1508,01523.jpg,P,4
1509,01524.jpg,P,4
1510,01525.jpg,P,5
1511,01526.jpg,P,5
1512,01527.jpg,P,3
1513,01528.jpg,P,4
1514,01529.jpg,P,1
1515,01530.jpg,P,4
1516,01531.jpg,P,4
1517,01532.jpg,P,3
1518,01533.jpg,P,1
1519,01534.jpg,P,3
1520,01535.jpg,P,4
1521,01536.jpg,P,3
1522,01537.jpg,P,3
1523,01538.jpg,P,2
1524,01539.jpg,P,2
1525,01540.jpg,P,4
1526,01541.jpg,P,2
1527,01542.jpg,P,2
1528,01543.jpg,P,3
1529,01544.jpg,P,2
1530,01545.jpg,P,1
1531,01546.jpg,P,1
1532,01547.jpg,P,4
1533,01548.jpg,P,3
1534,01549.jpg,N,4
1535,01550.jpg,P,2
1536,01551.jpg,P,2
1537,01552.jpg,P,5
1538,01553.jpg,N,1
1539,01554.jpg,P,3
1540,01555.jpg,P,3
1541,01556.jpg,N,1
1542,01557.jpg,N,3
1543,01558.jpg,N,5
1544,01559.jpg,N,5
1545,01560.jpg,N,3
1546,01561.jpg,N,3
1547,01562.jpg,N,4
1548,01563.jpg,N,4
1549,01564.jpg,N,2
1550,01565.jpg,N,2
1551,01566.jpg,N,2
1552,01567.jpg,N,4
1553,01568.jpg,N,2
1554,01569.jpg,N,1
1555,01570.jpg,N,4
1556,01571.jpg,N,2
1557,01572.jpg,N,1
1558,01573.jpg,N,1
1559,01574.jpg,N,1
1560,01575.jpg,N,2
1561,01576.jpg,N,3
1562,01577.jpg,N,4
1563,01578.jpg,N,3
1564,01579.jpg,N,5
1565,01580.jpg,P,4
1566,01581.jpg,P,1
1567,01582.jpg,P,1
1568,01583.jpg,P,3
1569,01584.jpg,P,4
1570,01585.jpg,P,2
1571,01586.jpg,P,4
1572,01587.jpg,P,2
1573,01588.jpg,P,3
1574,01589.jpg,P,2
1575,01590.jpg,P,5
1576,01591.jpg,P,5
1577,01592.jpg,P,1
1578,01593.jpg,P,1
1579,01594.jpg,P,1
1580,01595.jpg,P,5
1581,01596.jpg,P,3
1582,01597.jpg,P,3
1583,01598.jpg,P,4
1584,01599.jpg,P,5
1585,01600.jpg,P,4
1586,01601.jpg,N,3
1587,01602.jpg,N,1
1588,01603.jpg,N,2
1589,01604.jpg,N,5
1590,01605.jpg,N,2
1591,01606.jpg,N,4
1592,01607.jpg,N,1
1593,01608.jpg,N,4
1594,01609.jpg,N,5
1595,01610.jpg,N,3
1596,01611.jpg,N,2
1597,01612.jpg,N,4
1598,01613.jpg,N,5
1599,01614.jpg,N,4
1600,01615.jpg,N,3
1601,01616.jpg,N,3
1602,01617.jpg,N,5
1603,01618.jpg,N,5
1604,01619.jpg,N,1
1605,01620.jpg,N,2
1606,01621.jpg,N,3
1607,01622.jpg,N,2
1608,01623.jpg,N,4
1609,01624.jpg,N,1
1610,01625.jpg,N,3
1611,01626.jpg,N,4
1612,01627.jpg,N,1
1613,01628.jpg,N,3
1614,01629.jpg,N,2
1615,01630.jpg,N,4
1616,01631.jpg,N,4
1617,01632.jpg,N,3
1618,01633.jpg,N,3
1619,01634.jpg,N,1
1620,01635.jpg,P,2
1621,01636.jpg,N,2
1622,01637.jpg,N,2
1623,01638.jpg,P,2
1624,01639.jpg,P,3
1625,01640.jpg,N,2
1626,01641.jpg,N,5
1627,01642.jpg,P,4
1628,01643.jpg,P,2
1629,01644.jpg,P,3
1630,01645.jpg,P,2
1631,01646.jpg,P,2
1632,01647.jpg,P,1
1633,01648.jpg,P,4
1634,01649.jpg,P,4
1635,01650.jpg,P,2
1636,01651.jpg,P,1
1637,01652.jpg,P,3
1638,01653.jpg,P,4
1639,01654.jpg,P,4
1640,01655.jpg,P,3
1641,01656.jpg,P,5
1642,01657.jpg,P,3
1643,01658.jpg,P,4
1644,01659.jpg,P,5
1645,01660.jpg,P,1
1646,01661.jpg,P,4
1647,01662.jpg,P,4
1648,01663.jpg,P,1
1649,01664.jpg,P,2
1650,01665.jpg,P,3
1651,01666.jpg,P,5
1652,01667.jpg,P,2
1653,01668.jpg,P,2
1654,01669.jpg,P,3
1655,01670.jpg,P,5
1656,01671.jpg,P,1
1657,01672.jpg,P,1
1658,01673.jpg,P,1
1659,01674.jpg,P,1
1660,01675.jpg,P,3
1661,01676.jpg,P,5
1662,01677.jpg,P,2
1663,01678.jpg,P,1
1664,01679.jpg,P,4
1665,01680.jpg,P,4
1666,01681.jpg,P,4
1667,01682.jpg,P,1
1668,01683.jpg,P,4
1669,01684.jpg,P,2
1670,01685.jpg,P,5
1671,01686.jpg,P,1
1672,01687.jpg,P,5
1673,01688.jpg,P,3
1674,01689.jpg,P,5
1675,01690.jpg,P,1
1676,01691.jpg,P,3
1677,01692.jpg,P,5
1678,01693.jpg,P,2
1679,01694.jpg,P,3
1680,01695.jpg,P,2
1681,01696.jpg,P,1
1682,01697.jpg,N,4
1683,01698.jpg,N,1
1684,01699.jpg,N,5
1685,01700.jpg,N,4
1686,01701.jpg,N,1
1687,01702.jpg,N,2
1688,01703.jpg,N,1
1689,01704.jpg,N,1
1690,01705.jpg,N,3
1691,01706.jpg,N,2
1692,01707.jpg,N,1
1693,01708.jpg,N,1
1694,01709.jpg,N,3
1695,01710.jpg,N,1
1696,01711.jpg,N,3
1697,01712.jpg,N,1
1698,01713.jpg,N,3
1699,01714.jpg,N,4
1700,01715.jpg,N,2
1701,01716.jpg,N,2
1702,01717.jpg,N,2
1703,01718.jpg,N,2
1704,01719.jpg,N,2
1705,01720.jpg,N,3
1706,01721.jpg,N,2
1707,01722.jpg,N,3
1708,01723.jpg,N,5
1709,01724.jpg,N,3
1710,01725.jpg,N,5
1711,01726.jpg,N,2
1712,01727.jpg,N,4
1713,01728.jpg,N,5
1714,01729.jpg,N,1
1715,01730.jpg,N,4
1716,01731.jpg,N,1
1717,01732.jpg,N,1
1718,01733.jpg,N,3
1719,01734.jpg,N,4
1720,01735.jpg,N,4
1721,01736.jpg,N,1
1722,01737.jpg,N,1
1723,01738.jpg,N,3
1724,01739.jpg,N,4
1725,01740.jpg,N,2
1726,01741.jpg,N,4
1727,01742.jpg,P,1
1728,01743.jpg,P,5
1729,01744.jpg,P,1
1730,01745.jpg,P,4
1731,01746.jpg,P,5
1732,01747.jpg,N,1
1733,01748.jpg,N,1
1734,01749.jpg,N,4
1735,01750.jpg,N,5
1736,01751.jpg,N,1
1737,01752.jpg,N,1
1738,01753.jpg,N,4
1739,01754.jpg,N,5
1740,01755.jpg,N,4
1741,01756.jpg,N,4
1742,01757.jpg,N,2
1743,01758.jpg,N,2
1744,01759.jpg,N,3
1745,01760.jpg,N,5
1746,01761.jpg,N,3
1747,01762.jpg,N,3
1748,01763.jpg,N,4
1749,01764.jpg,N,5
1750,01765.jpg,N,2
1751,01766.jpg,N,1
1752,01767.jpg,N,5
1753,01768.jpg,N,3
1754,01769.jpg,N,3
1755,01770.jpg,P,5
1756,01771.jpg,P,2
1757,01772.jpg,P,4
1758,01773.jpg,P,4
1759,01774.jpg,N,5
1760,01775.jpg,N,4
1761,01776.jpg,N,1
1762,01777.jpg,N,1
1763,01778.jpg,N,5
1764,01779.jpg,N,5
1765,01780.jpg,N,2
1766,01781.jpg,N,1
1767,01782.jpg,N,5
1768,01783.jpg,N,3
1769,01784.jpg,N,5
1770,01785.jpg,N,4
1771,01786.jpg,N,2
1772,01787.jpg,P,2
1773,01788.jpg,P,1
1774,01789.jpg,N,5
1775,01790.jpg,P,3
1776,01791.jpg,N,3
1777,01792.jpg,N,1
1778,01793.jpg,N,2
1779,01794.jpg,N,3
1780,01795.jpg,N,4
1781,01796.jpg,N,5
1782,01797.jpg,N,4
1783,01798.jpg,N,5
1784,01799.jpg,N,3
1785,01800.jpg,N,5
1786,01801.jpg,N,1
1787,01802.jpg,N,2
1788,01803.jpg,N,5
1789,01804.jpg,P,5
1790,01805.jpg,P,4
1791,01806.jpg,N,4
1792,01807.jpg,N,1
1793,01808.jpg,N,3
1794,01809.jpg,N,5
1795,01810.jpg,N,4
1796,01811.jpg,N,2
1797,01812.jpg,N,2
1798,01813.jpg,N,4
1799,01814.jpg,N,4
1800,01815.jpg,N,2
1801,01816.jpg,N,2
1802,01817.jpg,N,2
1803,01818.jpg,N,4
1804,01819.jpg,N,2
1805,01820.jpg,N,4
1806,01821.jpg,N,2
1807,01822.jpg,N,3
1808,01823.jpg,N,3
1809,01824.jpg,N,2
1810,01825.jpg,N,2
1811,01826.jpg,N,2
1812,01827.jpg,P,5
1813,01828.jpg,N,1
1814,01829.jpg,N,5
1815,01830.jpg,N,1
1816,01831.jpg,N,1
1817,01832.jpg,N,1
1818,01833.jpg,N,4
1819,01834.jpg,N,3
1820,01835.jpg,N,5
1821,01836.jpg,P,4
1822,01837.jpg,P,1
1823,01838.jpg,P,4
1824,01839.jpg,P,2
1825,01840.jpg,P,2
1826,01841.jpg,N,4
1827,01842.jpg,P,3
1828,01843.jpg,P,5
1829,01844.jpg,P,4
1830,01845.jpg,P,3
1831,01846.jpg,P,2
1832,01847.jpg,P,4
1833,01848.jpg,P,1
1834,01849.jpg,P,1
1835,01850.jpg,P,4
1836,01851.jpg,P,4
1837,01852.jpg,P,5
1838,01853.jpg,P,1
1839,01854.jpg,P,2
1840,01855.jpg,P,5
1841,01856.jpg,N,3
1842,01857.jpg,N,1
1843,01858.jpg,N,1
1844,01859.jpg,N,1
1845,01860.jpg,P,5
1846,01861.jpg,P,1
1847,01862.jpg,P,5
1848,01863.jpg,P,4
1849,01864.jpg,P,3
1850,01865.jpg,P,4
1851,01866.jpg,P,5
1852,01867.jpg,P,2
1853,01868.jpg,P,1
1854,01869.jpg,P,5
1855,01870.jpg,P,3
1856,01871.jpg,P,1
1857,01872.jpg,P,5
1858,01873.jpg,P,4
1859,01874.jpg,P,3
1860,01875.jpg,P,5
1861,01876.jpg,P,5
1862,01877.jpg,P,1
1863,01878.jpg,P,2
1864,01879.jpg,P,4
1865,01880.jpg,P,4
1866,01881.jpg,P,4
1867,01882.jpg,P,4
1868,01883.jpg,P,3
1869,01884.jpg,P,5
1870,01885.jpg,P,5
1871,01886.jpg,P,2
1872,01887.jpg,P,2
1873,01888.jpg,P,2
1874,01889.jpg,P,3
1875,01890.jpg,P,5
1876,01891.jpg,P,3
1877,01892.jpg,P,2
1878,01893.jpg,P,5
1879,01894.jpg,P,2
1880,01895.jpg,N,5
1881,01896.jpg,P,5
1882,01897.jpg,P,2
1883,01898.jpg,P,3
1884,01899.jpg,N,2
1885,01900.jpg,P,4
1886,01901.jpg,P,2
1887,01902.jpg,P,4
1888,01903.jpg,N,4
1889,01904.jpg,N,4
1890,01905.jpg,N,1
1891,01906.jpg,N,5
1892,01907.jpg,N,2
1893,01908.jpg,N,5
1894,01909.jpg,N,5
1895,01910.jpg,N,5
1896,01911.jpg,N,5
1897,01912.jpg,P,4
1898,01913.jpg,N,4
1899,01914.jpg,N,1
1900,01915.jpg,N,2
1901,01916.jpg,N,4
1902,01917.jpg,P,1
1903,01918.jpg,P,1
1904,01919.jpg,P,5
1905,01920.jpg,P,4
1906,01921.jpg,P,3
1907,01922.jpg,P,1
1908,01923.jpg,P,3
1909,01924.jpg,P,1
1910,01925.jpg,P,3
1911,01926.jpg,P,2
1912,01927.jpg,P,4
1913,01928.jpg,P,3
1914,01929.jpg,P,3
1915,01930.jpg,N,3
1916,01931.jpg,N,3
1917,01932.jpg,N,4
1918,01933.jpg,N,3
1919,01934.jpg,N,5
1920,01935.jpg,N,4
1921,01936.jpg,P,5
1922,01937.jpg,N,4
1923,01938.jpg,N,5
1924,01939.jpg,N,3
1925,01940.jpg,N,3
1926,01941.jpg,N,5
1927,01942.jpg,N,3
1928,01943.jpg,N,1
1929,01944.jpg,N,5
1930,01945.jpg,N,3
1931,01946.jpg,N,5
1932,01947.jpg,N,1
1933,01948.jpg,N,5
1934,01949.jpg,N,3
1935,01950.jpg,N,3
1936,01951.jpg,N,5
1937,01952.jpg,N,5
1938,01953.jpg,N,2
1939,01954.jpg,N,4
1940,01955.jpg,N,4
1941,01956.jpg,N,1
1942,01957.jpg,N,3
1943,01958.jpg,N,5
1944,01959.jpg,N,1
1945,01960.jpg,N,1
1946,01961.jpg,N,2
1947,01962.jpg,N,2
1948,01963.jpg,N,3
1949,01964.jpg,N,3
1950,01965.jpg,N,3
1951,01966.jpg,N,1
1952,01967.jpg,N,1
1953,01968.jpg,N,5
1954,01969.jpg,N,5
1955,01970.jpg,N,5
1956,01971.jpg,N,3
1957,01972.jpg,N,1
1958,01973.jpg,N,1
1959,01974.jpg,N,1
1960,01975.jpg,N,2
1961,01976.jpg,N,1
1962,01977.jpg,N,2
1963,01978.jpg,N,5
1964,01979.jpg,N,4
1965,01980.jpg,N,5
1966,01981.jpg,N,5
1967,01982.jpg,N,2
1968,01983.jpg,N,4
1969,01984.jpg,N,3
1970,01985.jpg,N,2
1971,01986.jpg,N,5
1972,01987.jpg,N,1
1973,01988.jpg,N,4
1974,01989.jpg,N,5
1975,01990.jpg,N,5
1976,01991.jpg,N,3
1977,01992.jpg,N,2
1978,01993.jpg,N,5
1979,01994.jpg,N,4
1980,01995.jpg,N,2
1981,01996.jpg,P,5
1982,01997.jpg,N,1
1983,01998.jpg,P,5
1984,01999.jpg,P,1
1985,02000.jpg,P,2
1986,02001.jpg,P,5
1987,02002.jpg,P,1
1988,02003.jpg,P,5
1989,02004.jpg,P,3
1990,02005.jpg,P,1
1991,02006.jpg,P,2
1992,02007.jpg,P,5
1993,02008.jpg,P,3
1994,02009.jpg,P,3
1995,02010.jpg,P,2
1996,02011.jpg,P,5
1997,02012.jpg,P,3
1998,02013.jpg,P,1
1999,02014.jpg,P,1
2000,02015.jpg,P,3
2001,02016.jpg,P,4
2002,02017.jpg,P,2
2003,02018.jpg,P,5
2004,02019.jpg,P,1
2005,02020.jpg,P,5
2006,02021.jpg,P,2
2007,02022.jpg,P,4
2008,02023.jpg,P,5
2009,02024.jpg,P,4
2010,02025.jpg,P,5
2011,02026.jpg,P,2
2012,02027.jpg,P,5
2013,02028.jpg,P,4
2014,02029.jpg,P,4
2015,02030.jpg,P,4
2016,02031.jpg,P,5
2017,02032.jpg,P,4
2018,02033.jpg,P,2
2019,02034.jpg,P,1
2020,02035.jpg,P,5
2021,02036.jpg,P,2
2022,02037.jpg,P,3
2023,02038.jpg,P,1
2024,02039.jpg,P,2
2025,02040.jpg,P,2
2026,02041.jpg,P,4
2027,02042.jpg,P,4
2028,02043.jpg,P,2
2029,02044.jpg,P,1
2030,02045.jpg,P,4
2031,02046.jpg,P,4
2032,02047.jpg,P,1
2033,02048.jpg,P,2
2034,02049.jpg,P,2
2035,02050.jpg,P,1
2036,02051.jpg,P,2
2037,02052.jpg,P,2
2038,02053.jpg,P,4
2039,02054.jpg,P,2
2040,02055.jpg,P,3
2041,02056.jpg,P,1
2042,02057.jpg,P,4
2043,02058.jpg,P,3
2044,02059.jpg,P,1
2045,02060.jpg,P,3
2046,02061.jpg,P,2
2047,02062.jpg,P,1
2048,02063.jpg,P,2
2049,02064.jpg,P,1
2050,02065.jpg,P,2
2051,02066.jpg,P,4
2052,02067.jpg,P,5
2053,02068.jpg,P,1
2054,02069.jpg,P,4
2055,02070.jpg,P,5
2056,02071.jpg,P,1
2057,02072.jpg,P,2
2058,02073.jpg,P,4
2059,02074.jpg,P,5
2060,02075.jpg,P,1
2061,02076.jpg,P,2
2062,02077.jpg,P,2
2063,02078.jpg,P,5
2064,02079.jpg,P,4
2065,02080.jpg,P,5
2066,02081.jpg,P,5
2067,02082.jpg,P,2
2068,02083.jpg,P,4
2069,02084.jpg,P,1
2070,02085.jpg,P,2
2071,02086.jpg,P,3
2072,02087.jpg,P,2
2073,02088.jpg,P,1
2074,02089.jpg,P,1
2075,02090.jpg,P,5
2076,02091.jpg,P,3
2077,02092.jpg,P,1
2078,02093.jpg,P,4
2079,02094.jpg,P,2
2080,02095.jpg,P,2
2081,02096.jpg,P,2
2082,02097.jpg,P,1
2083,02098.jpg,P,4
2084,02099.jpg,P,1
2085,02100.jpg,P,4
2086,02101.jpg,P,2
2087,02102.jpg,N,3
2088,02103.jpg,N,5
2089,02104.jpg,N,3
2090,02105.jpg,N,2
2091,02106.jpg,N,2
2092,02107.jpg,N,1
2093,02108.jpg,N,5
2094,02109.jpg,N,4
2095,02110.jpg,P,5
2096,02111.jpg,P,2
2097,02112.jpg,N,3
2098,02113.jpg,P,4
2099,02114.jpg,P,5
2100,02115.jpg,P,1
2101,02116.jpg,P,4
2102,02117.jpg,P,3
2103,02118.jpg,N,2
2104,02119.jpg,P,1
2105,02120.jpg,P,4
2106,02121.jpg,P,3
2107,02122.jpg,N,3
2108,02123.jpg,N,1
2109,02124.jpg,P,3
2110,02125.jpg,N,2
2111,02126.jpg,N,2
2112,02127.jpg,N,2
2113,02128.jpg,N,2
2114,02129.jpg,N,2
2115,02130.jpg,N,1
2116,02131.jpg,N,3
2117,02132.jpg,N,2
2118,02133.jpg,N,4
2119,02134.jpg,N,2
2120,02135.jpg,N,5
2121,02136.jpg,N,3
2122,02137.jpg,N,5
2123,02138.jpg,N,5
2124,02139.jpg,N,1
2125,02140.jpg,N,5
2126,02141.jpg,N,1
2127,02142.jpg,N,5
2128,02143.jpg,N,5
2129,02144.jpg,N,3
2130,02145.jpg,N,3
2131,02146.jpg,N,5
2132,02147.jpg,N,3
2133,02148.jpg,N,3
2134,02149.jpg,N,1
2135,02150.jpg,N,1
2136,02151.jpg,N,3
2137,02152.jpg,N,5
2138,02153.jpg,N,3
2139,02154.jpg,N,1
2140,02155.jpg,N,3
2141,02156.jpg,N,1
2142,02157.jpg,N,1
2143,02158.jpg,N,3
2144,02159.jpg,N,4
2145,02160.jpg,N,1
2146,02161.jpg,N,4
2147,02162.jpg,N,5
2148,02163.jpg,N,1
2149,02164.jpg,N,5
2150,02165.jpg,N,4
2151,02166.jpg,N,1
2152,02167.jpg,N,3
2153,02168.jpg,N,1
2154,02169.jpg,N,3
2155,02170.jpg,N,3
2156,02171.jpg,N,1
2157,02172.jpg,N,2
2158,02173.jpg,N,3
2159,02174.jpg,N,3
2160,02175.jpg,N,3
2161,02176.jpg,N,4
2162,02177.jpg,N,4
2163,02178.jpg,N,1
2164,02179.jpg,N,2
2165,02180.jpg,N,3
2166,02181.jpg,N,3
2167,02182.jpg,N,1
2168,02183.jpg,N,4
2169,02184.jpg,N,5
2170,02185.jpg,N,5
2171,02186.jpg,N,3
2172,02187.jpg,N,3
2173,02188.jpg,N,1
2174,02189.jpg,N,3
2175,02190.jpg,N,5
2176,02191.jpg,N,4
2177,02192.jpg,N,1
2178,02193.jpg,N,5
2179,02194.jpg,N,4
2180,02195.jpg,N,5
2181,02196.jpg,N,4
2182,02197.jpg,N,1
2183,02198.jpg,N,3
2184,02199.jpg,N,4
2185,02200.jpg,N,2
2186,02201.jpg,N,4
2187,02202.jpg,N,4
2188,02203.jpg,N,5
2189,02204.jpg,N,3
2190,02205.jpg,N,4
2191,02206.jpg,N,3
2192,02207.jpg,N,2
2193,02208.jpg,N,4
2194,02209.jpg,N,2
2195,02210.jpg,N,5
2196,02211.jpg,N,5
2197,02212.jpg,N,4
2198,02213.jpg,N,2
2199,02214.jpg,N,4
2200,02215.jpg,N,5
2201,02216.jpg,N,3
2202,02217.jpg,N,1
2203,02218.jpg,N,3
2204,02219.jpg,N,5
2205,02220.jpg,N,5
2206,02221.jpg,N,5
2207,02222.jpg,N,1
2208,02223.jpg,N,2
2209,02224.jpg,N,4
2210,02225.jpg,N,4
2211,02226.jpg,N,5
2212,02227.jpg,N,3
2213,02228.jpg,N,3
2214,02229.jpg,N,5
2215,02230.jpg,N,4
2216,02231.jpg,N,4
2217,02232.jpg,N,1
2218,02233.jpg,N,5
2219,02234.jpg,N,3
2220,02235.jpg,N,3
2221,02236.jpg,N,2
2222,02237.jpg,N,2
2223,02238.jpg,N,5
2224,02239.jpg,N,2
2225,02240.jpg,N,5
2226,02241.jpg,N,2
2227,02242.jpg,N,1
2228,02243.jpg,N,3
2229,02244.jpg,N,5
2230,02245.jpg,N,3
2231,02246.jpg,N,5
2232,02247.jpg,N,2
2233,02248.jpg,N,2
2234,02249.jpg,N,2
2235,02250.jpg,N,2
2236,02251.jpg,N,2
2237,02252.jpg,N,5
2238,02253.jpg,N,4
2239,02254.jpg,N,3
2240,02255.jpg,N,2
2241,02256.jpg,N,1
2242,02257.jpg,N,1
2243,02258.jpg,N,5
2244,02259.jpg,N,5
2245,02260.jpg,N,1
2246,02261.jpg,N,2
2247,02262.jpg,N,5
2248,02263.jpg,N,4
2249,02264.jpg,N,3
2250,02265.jpg,N,5
2251,02266.jpg,N,4
2252,02267.jpg,N,2
2253,02268.jpg,N,2
2254,02269.jpg,N,5
2255,02270.jpg,N,5
2256,02271.jpg,N,3
2257,02272.jpg,N,1
2258,02273.jpg,N,3
2259,02274.jpg,N,1
2260,02275.jpg,N,2
2261,02276.jpg,N,5
2262,02277.jpg,N,2
2263,02278.jpg,N,4
2264,02279.jpg,N,4
2265,02280.jpg,N,4
2266,02281.jpg,N,2
2267,02282.jpg,N,3
2268,02283.jpg,N,1
2269,02284.jpg,N,4
2270,02285.jpg,N,3
2271,02286.jpg,N,2
2272,02287.jpg,N,2
2273,02288.jpg,N,2
2274,02289.jpg,N,4
2275,02290.jpg,N,1
2276,02291.jpg,N,5
2277,02292.jpg,N,5
2278,02293.jpg,N,4
2279,02294.jpg,N,4
2280,02295.jpg,N,5
2281,02296.jpg,N,2
2282,02297.jpg,N,3
2283,02298.jpg,N,5
2284,02299.jpg,N,1
2285,02300.jpg,N,2
2286,02301.jpg,N,5
2287,02302.jpg,N,3
2288,02303.jpg,N,1
2289,02304.jpg,N,1
2290,02305.jpg,N,1
2291,02306.jpg,N,3
2292,02307.jpg,N,1
2293,02308.jpg,N,2
2294,02309.jpg,N,5
2295,02310.jpg,N,5
2296,02311.jpg,N,4
2297,02312.jpg,N,1
2298,02313.jpg,N,2
2299,02314.jpg,N,2
2300,02315.jpg,N,4
2301,02316.jpg,N,5
2302,02317.jpg,N,3
2303,02318.jpg,N,5
2304,02319.jpg,N,3
2305,02320.jpg,N,2
2306,02321.jpg,N,3
2307,02322.jpg,N,1
2308,02323.jpg,N,1
2309,02324.jpg,N,4
2310,02325.jpg,N,5
2311,02326.jpg,N,2
2312,02327.jpg,N,4
2313,02328.jpg,N,4
2314,02329.jpg,N,4
2315,02330.jpg,N,4
2316,02331.jpg,N,1
2317,02332.jpg,N,1
2318,02333.jpg,N,1
2319,02334.jpg,N,2
2320,02335.jpg,N,1
2321,02336.jpg,N,1
2322,02337.jpg,N,4
2323,02338.jpg,N,4
2324,02339.jpg,N,4
2325,02340.jpg,N,2
2326,02341.jpg,N,2
2327,02342.jpg,N,5
2328,02343.jpg,N,1
2329,02344.jpg,N,5
2330,02345.jpg,N,3
2331,02346.jpg,N,4
2332,02347.jpg,N,1
2333,02348.jpg,N,2
2334,02349.jpg,N,4
2335,02350.jpg,N,4
2336,02351.jpg,N,5
2337,02352.jpg,N,3
2338,02353.jpg,N,5
2339,02354.jpg,N,5
2340,02355.jpg,N,1
2341,02356.jpg,N,4
2342,02357.jpg,N,3
2343,02358.jpg,N,2
2344,02359.jpg,N,3
2345,02360.jpg,N,3
2346,02361.jpg,N,5
2347,02362.jpg,N,1
2348,02363.jpg,N,1
2349,02364.jpg,N,2
2350,02365.jpg,N,2
2351,02366.jpg,N,1
2352,02367.jpg,N,1
2353,02368.jpg,N,2
2354,02369.jpg,N,3
2355,02370.jpg,N,5
2356,02371.jpg,N,4
2357,02372.jpg,N,1
2358,02373.jpg,N,1
2359,02374.jpg,N,5
2360,02375.jpg,N,4
2361,02376.jpg,N,2
2362,02377.jpg,N,3
2363,02378.jpg,N,5
2364,02379.jpg,N,1
2365,02380.jpg,N,2
2366,02381.jpg,N,4
2367,02382.jpg,N,2
2368,02383.jpg,N,2
2369,02384.jpg,N,1
2370,02385.jpg,N,1
2371,02386.jpg,N,3
2372,02387.jpg,N,4
2373,02388.jpg,N,1
2374,02389.jpg,N,5
2375,02390.jpg,N,1
2376,02391.jpg,N,5
2377,02392.jpg,N,1
2378,02393.jpg,N,4
2379,02394.jpg,N,5
2380,02395.jpg,N,4
2381,02396.jpg,N,1
2382,02397.jpg,N,1
2383,02398.jpg,N,3
2384,02399.jpg,N,2
2385,02400.jpg,N,2
2386,02401.jpg,N,4
2387,02402.jpg,N,1
2388,02403.jpg,N,4
2389,02404.jpg,N,2
2390,02405.jpg,N,5
2391,02406.jpg,N,1
2392,02407.jpg,N,1
2393,02408.jpg,N,3
2394,02409.jpg,N,3
2395,02410.jpg,N,1
2396,02411.jpg,N,4
2397,02412.jpg,N,5
2398,02413.jpg,N,4
2399,02414.jpg,N,2
2400,02415.jpg,N,1
2401,02416.jpg,N,5
2402,02417.jpg,N,2
2403,02418.jpg,N,5
2404,02419.jpg,N,3
2405,02420.jpg,N,4
2406,02421.jpg,N,3
2407,02422.jpg,N,2
2408,02423.jpg,N,1
2409,02424.jpg,N,5
2410,02425.jpg,N,3
2411,02426.jpg,N,5
2412,02427.jpg,N,4
2413,02428.jpg,N,3
2414,02429.jpg,N,5
2415,02430.jpg,N,1
2416,02431.jpg,N,2
2417,02432.jpg,N,2
2418,02433.jpg,N,3
2419,02434.jpg,N,1
2420,02435.jpg,N,1
2421,02436.jpg,N,5
2422,02437.jpg,N,4
2423,02438.jpg,N,1
2424,02439.jpg,N,5
2425,02440.jpg,N,4
2426,02441.jpg,N,2
2427,02442.jpg,N,2
2428,02443.jpg,N,5
2429,02444.jpg,N,5
2430,02445.jpg,N,2
2431,02446.jpg,N,1
2432,02447.jpg,N,3
2433,02448.jpg,N,4
2434,02449.jpg,N,3
2435,02450.jpg,N,1
2436,02451.jpg,N,3
2437,02452.jpg,N,3
2438,02453.jpg,N,4
2439,02454.jpg,N,3
2440,02455.jpg,N,2
2441,02456.jpg,P,4
2442,02457.jpg,P,1
2443,02458.jpg,P,1
2444,02459.jpg,P,2
2445,02460.jpg,P,2
2446,02461.jpg,P,1
2447,02462.jpg,P,1
2448,02463.jpg,P,5
2449,02464.jpg,P,2
2450,02465.jpg,N,5
2451,02466.jpg,N,2
2452,02467.jpg,P,3
2453,02468.jpg,P,5
2454,02469.jpg,P,4
2455,02470.jpg,N,1
2456,02471.jpg,N,2
2457,02472.jpg,P,5
2458,02473.jpg,P,1
2459,02474.jpg,N,5
2460,02475.jpg,P,5
2461,02476.jpg,P,5
2462,02477.jpg,P,2
2463,02478.jpg,P,2
2464,02479.jpg,P,5
2465,02480.jpg,N,2
2466,02481.jpg,N,1
2467,02482.jpg,P,1
2468,02483.jpg,P,3
2469,02484.jpg,N,3
2470,02485.jpg,N,4
2471,02486.jpg,N,3
2472,02487.jpg,N,3
2473,02488.jpg,N,3
2474,02489.jpg,N,4
2475,02490.jpg,N,5
2476,02491.jpg,P,3
2477,02492.jpg,P,1
2478,02493.jpg,N,4
2479,02494.jpg,N,5
2480,02495.jpg,N,3
2481,02496.jpg,N,5
2482,02497.jpg,N,4
2483,02498.jpg,N,1
2484,02499.jpg,N,1
2485,02500.jpg,N,3
2486,02501.jpg,N,4
2487,02502.jpg,N,4
2488,02503.jpg,N,3
2489,02504.jpg,N,1
2490,02505.jpg,N,5
2491,02506.jpg,N,5
2492,02507.jpg,N,4
2493,02508.jpg,N,2
2494,02509.jpg,N,5
2495,02510.jpg,N,4
2496,02511.jpg,N,5
2497,02512.jpg,N,2
2498,02513.jpg,N,3
2499,02514.jpg,N,3
2500,02515.jpg,N,1
2501,02516.jpg,N,3
2502,02517.jpg,N,4
2503,02518.jpg,N,4
2504,02519.jpg,N,3
2505,02520.jpg,N,2
2506,02521.jpg,N,4
2507,02522.jpg,N,1
2508,02523.jpg,N,4
2509,02524.jpg,N,4
2510,02525.jpg,N,2
2511,02526.jpg,N,4
2512,02527.jpg,N,1
2513,02528.jpg,N,2
2514,02529.jpg,N,3
2515,02530.jpg,N,5
2516,02531.jpg,N,4
2517,02532.jpg,N,5
2518,02533.jpg,N,3
2519,02534.jpg,N,5
2520,02535.jpg,P,4
2521,02536.jpg,P,5
2522,02537.jpg,P,1
2523,02538.jpg,P,1
2524,02539.jpg,P,5
2525,02540.jpg,P,3
2526,02541.jpg,P,5
2527,02542.jpg,P,2
2528,02543.jpg,P,4
2529,02544.jpg,P,3
2530,02545.jpg,P,1
2531,02546.jpg,P,2
2532,02547.jpg,P,4
2533,02548.jpg,P,5
2534,02549.jpg,P,4
2535,02550.jpg,P,2
2536,02551.jpg,P,2
2537,02552.jpg,P,5
2538,02553.jpg,P,2
2539,02554.jpg,P,5
2540,02555.jpg,P,1
2541,02556.jpg,P,2
2542,02557.jpg,P,1
2543,02558.jpg,P,5
2544,02559.jpg,P,4
2545,02560.jpg,P,1
2546,02561.jpg,P,3
2547,02562.jpg,P,1
2548,02563.jpg,P,4
2549,02564.jpg,P,1
2550,02565.jpg,P,4
2551,02566.jpg,P,2
2552,02567.jpg,P,3
2553,02568.jpg,P,1
2554,02569.jpg,P,3
2555,02570.jpg,P,1
2556,02571.jpg,P,3
2557,02572.jpg,P,4
2558,02573.jpg,P,2
2559,02574.jpg,P,4
2560,02575.jpg,P,3
2561,02576.jpg,P,5
2562,02577.jpg,P,3
2563,02578.jpg,P,1
2564,02579.jpg,N,5
2565,02580.jpg,N,3
2566,02581.jpg,N,5
2567,02582.jpg,N,2
2568,02583.jpg,N,2
2569,02584.jpg,N,3
2570,02585.jpg,N,3
2571,02586.jpg,N,1
2572,02587.jpg,N,4
2573,02588.jpg,N,2
2574,02589.jpg,N,5
2575,02590.jpg,N,3
2576,02591.jpg,N,2
2577,02592.jpg,N,4
2578,02593.jpg,N,2
2579,02594.jpg,N,1
2580,02595.jpg,N,3
2581,02596.jpg,N,4
2582,02597.jpg,P,2
2583,02598.jpg,P,2
2584,02599.jpg,N,1
2585,02600.jpg,P,3
2586,02601.jpg,P,4
2587,02602.jpg,P,5
2588,02603.jpg,P,5
2589,02604.jpg,P,2
2590,02605.jpg,P,2
2591,02606.jpg,N,3
2592,02607.jpg,P,4
2593,02608.jpg,P,2
2594,02609.jpg,P,4
2595,02610.jpg,N,4
2596,02611.jpg,N,2
2597,02612.jpg,N,2
2598,02613.jpg,N,3
2599,02614.jpg,P,2
2600,02615.jpg,P,2
2601,02616.jpg,P,2
2602,02617.jpg,P,3
2603,02618.jpg,N,5
2604,02619.jpg,P,4
2605,02620.jpg,N,4
2606,02621.jpg,N,4
2607,02622.jpg,N,2
2608,02623.jpg,N,4
2609,02624.jpg,N,4
2610,02625.jpg,N,3
2611,02626.jpg,N,4
2612,02627.jpg,N,1
2613,02628.jpg,N,1
2614,02629.jpg,N,2
2615,02630.jpg,N,2
2616,02631.jpg,N,5
2617,02632.jpg,N,1
2618,02633.jpg,N,5
2619,02634.jpg,N,5
2620,02635.jpg,N,4
2621,02636.jpg,N,1
2622,02637.jpg,N,2
2623,02638.jpg,N,5
2624,02639.jpg,N,5
2625,02640.jpg,N,1
2626,02641.jpg,N,3
2627,02642.jpg,N,5
2628,02643.jpg,N,3
2629,02644.jpg,N,4
2630,02645.jpg,N,5
2631,02646.jpg,N,4
2632,02647.jpg,N,2
2633,02648.jpg,N,1
2634,02649.jpg,N,1
2635,02650.jpg,N,1
2636,02651.jpg,N,1
2637,02652.jpg,N,5
2638,02653.jpg,N,3
2639,02654.jpg,N,4
2640,02655.jpg,N,4
2641,02656.jpg,N,3
2642,02657.jpg,N,2
2643,02658.jpg,N,3
2644,02659.jpg,N,3
2645,02660.jpg,N,5
2646,02661.jpg,N,1
2647,02662.jpg,N,2
2648,02663.jpg,P,5
2649,02664.jpg,P,3
2650,02665.jpg,P,2
2651,02666.jpg,P,3
2652,02667.jpg,P,4
2653,02668.jpg,P,1
2654,02669.jpg,N,1
2655,02670.jpg,P,1
2656,02671.jpg,P,2
2657,02672.jpg,P,3
2658,02673.jpg,N,2
2659,02674.jpg,N,1
2660,02675.jpg,N,1
2661,02676.jpg,N,1
2662,02677.jpg,N,5
2663,02678.jpg,N,5
2664,02679.jpg,N,4
2665,02680.jpg,N,2
2666,02681.jpg,N,5
2667,02682.jpg,N,5
2668,02683.jpg,N,4
2669,02684.jpg,N,2
2670,02685.jpg,N,4
2671,02686.jpg,N,2
2672,02687.jpg,N,2
2673,02688.jpg,N,4
2674,02689.jpg,N,4
2675,02690.jpg,N,3
2676,02691.jpg,N,3
2677,02692.jpg,N,3
2678,02693.jpg,N,4
2679,02694.jpg,N,2
2680,02695.jpg,N,1
2681,02696.jpg,N,3
2682,02697.jpg,N,3
2683,02698.jpg,N,2
2684,02699.jpg,N,3
2685,02700.jpg,N,2
2686,02701.jpg,N,3
2687,02702.jpg,N,1
2688,02703.jpg,N,1
2689,02704.jpg,N,2
2690,02705.jpg,N,1
2691,02706.jpg,N,4
2692,02707.jpg,N,5
2693,02708.jpg,N,3
2694,02709.jpg,N,5
2695,02710.jpg,N,5
2696,02711.jpg,N,1
2697,02712.jpg,N,2
2698,02713.jpg,N,5
2699,02714.jpg,N,2
2700,02715.jpg,N,4
2701,02716.jpg,N,4
2702,02717.jpg,N,2
2703,02718.jpg,N,2
2704,02719.jpg,N,2
2705,02720.jpg,N,5
2706,02721.jpg,N,5
2707,02722.jpg,N,3
2708,02723.jpg,N,2
2709,02724.jpg,N,5
2710,02725.jpg,N,5
2711,02726.jpg,N,1
2712,02727.jpg,N,4
2713,02728.jpg,N,4
2714,02729.jpg,N,1
2715,02730.jpg,N,2
2716,02731.jpg,N,2
2717,02732.jpg,N,4
2718,02733.jpg,N,2
2719,02734.jpg,N,4
2720,02735.jpg,N,1
2721,02736.jpg,N,4
2722,02737.jpg,N,2
2723,02738.jpg,N,4
2724,02739.jpg,N,1
2725,02740.jpg,N,1
2726,02741.jpg,N,2
2727,02742.jpg,N,2
2728,02743.jpg,N,3
2729,02744.jpg,N,1
2730,02745.jpg,N,3
2731,02746.jpg,N,2
2732,02747.jpg,N,1
2733,02748.jpg,N,2
2734,02749.jpg,N,2
2735,02750.jpg,N,3
2736,02751.jpg,N,1
2737,02752.jpg,N,5
2738,02753.jpg,N,1
2739,02754.jpg,N,5
2740,02755.jpg,N,4
2741,02756.jpg,N,4
2742,02757.jpg,N,1
2743,02758.jpg,N,2
2744,02759.jpg,N,4
2745,02760.jpg,N,4
2746,02761.jpg,N,4
2747,02762.jpg,N,5
2748,02763.jpg,N,2
2749,02764.jpg,N,5
2750,02765.jpg,N,2
2751,02766.jpg,N,1
2752,02767.jpg,P,2
2753,02768.jpg,P,3
2754,02769.jpg,P,2
2755,02770.jpg,P,4
2756,02771.jpg,N,4
2757,02772.jpg,N,5
2758,02773.jpg,P,3
2759,02774.jpg,P,3
2760,02775.jpg,P,2
2761,02776.jpg,P,5
2762,02777.jpg,P,2
2763,02778.jpg,N,1
2764,02779.jpg,N,5
2765,02780.jpg,N,3
2766,02781.jpg,N,5
2767,02782.jpg,N,1
2768,02783.jpg,N,2
2769,02784.jpg,N,4
2770,02785.jpg,N,2
2771,02786.jpg,N,3
2772,02787.jpg,N,1
2773,02788.jpg,N,4
2774,02789.jpg,N,5
2775,02790.jpg,N,2
2776,02791.jpg,N,3
2777,02792.jpg,N,4
2778,02793.jpg,N,3
2779,02794.jpg,N,1
2780,02795.jpg,N,4
2781,02796.jpg,N,4
2782,02797.jpg,N,2
2783,02798.jpg,N,2
2784,02799.jpg,N,1
2785,02800.jpg,N,1
2786,02801.jpg,N,3
2787,02802.jpg,N,2
2788,02803.jpg,N,4
2789,02804.jpg,N,4
2790,02805.jpg,N,3
2791,02806.jpg,N,2
2792,02807.jpg,N,4
2793,02808.jpg,N,3
2794,02809.jpg,N,2
2795,02810.jpg,N,5
2796,02811.jpg,N,3
2797,02812.jpg,N,3
2798,02813.jpg,N,5
2799,02814.jpg,N,4
2800,02815.jpg,N,5
2801,02816.jpg,N,3
2802,02817.jpg,P,5
2803,02818.jpg,N,2
2804,02819.jpg,N,2
2805,02820.jpg,N,4
2806,02821.jpg,N,3
2807,02822.jpg,N,2
2808,02823.jpg,N,1
2809,02824.jpg,N,5
2810,02825.jpg,N,1
2811,02826.jpg,N,4
2812,02827.jpg,N,1
2813,02828.jpg,N,2
2814,02829.jpg,N,2
2815,02830.jpg,N,4
2816,02831.jpg,P,1
2817,02832.jpg,P,5
2818,02833.jpg,P,1
2819,02834.jpg,P,5
2820,02835.jpg,P,3
2821,02836.jpg,P,4
2822,02837.jpg,P,1
2823,02838.jpg,P,5
2824,02839.jpg,N,4
2825,02840.jpg,P,2
2826,02841.jpg,P,4
2827,02842.jpg,P,2
2828,02843.jpg,P,4
2829,02844.jpg,P,4
2830,02845.jpg,N,1
2831,02846.jpg,N,3
2832,02847.jpg,N,5
2833,02848.jpg,N,4
2834,02849.jpg,N,1
2835,02850.jpg,P,2
2836,02851.jpg,P,5
2837,02852.jpg,P,3
2838,02853.jpg,P,4
2839,02854.jpg,P,2
2840,02855.jpg,P,4
2841,02856.jpg,P,1
2842,02857.jpg,P,3
2843,02858.jpg,P,1
2844,02859.jpg,P,4
2845,02860.jpg,P,3
2846,02861.jpg,P,3
2847,02862.jpg,P,2
2848,02863.jpg,P,4
2849,02864.jpg,P,4
2850,02865.jpg,P,5
2851,02866.jpg,P,4
2852,02867.jpg,P,3
2853,02868.jpg,P,4
2854,02869.jpg,P,1
2855,02870.jpg,P,4
2856,02871.jpg,P,2
2857,02872.jpg,P,1
2858,02873.jpg,P,3
2859,02874.jpg,P,4
2860,02875.jpg,P,5
2861,02876.jpg,P,3
2862,02877.jpg,P,2
2863,02878.jpg,P,2
2864,02879.jpg,P,2
2865,02880.jpg,P,4
2866,02881.jpg,P,1
2867,02882.jpg,P,2
2868,02883.jpg,P,1
2869,02884.jpg,P,1
2870,02885.jpg,P,2
2871,02886.jpg,P,1
2872,02887.jpg,P,3
2873,02888.jpg,P,3
2874,02889.jpg,P,5
2875,02890.jpg,P,2
2876,02891.jpg,P,5
2877,02892.jpg,P,5
2878,02893.jpg,P,5
2879,02894.jpg,P,4
2880,02895.jpg,P,1
2881,02896.jpg,P,3
2882,02897.jpg,P,5
2883,02898.jpg,P,5
2884,02899.jpg,P,2
2885,02900.jpg,P,5
2886,02901.jpg,P,4
2887,02902.jpg,P,3
2888,02903.jpg,P,1
2889,02904.jpg,P,1
2890,02905.jpg,P,5
2891,02906.jpg,P,2
2892,02907.jpg,P,5
2893,02908.jpg,P,2
2894,02909.jpg,P,5
2895,02910.jpg,P,2
2896,02911.jpg,P,4
2897,02912.jpg,P,3
2898,02913.jpg,P,3
2899,02914.jpg,P,3
2900,02915.jpg,P,4
2901,02916.jpg,P,2
2902,02917.jpg,P,5
2903,02918.jpg,P,4
2904,02919.jpg,P,2
2905,02920.jpg,P,2
2906,02921.jpg,P,4
2907,02922.jpg,P,1
2908,02923.jpg,P,3
2909,02924.jpg,P,5
2910,02925.jpg,P,3
2911,02926.jpg,P,4
2912,02927.jpg,P,2
2913,02928.jpg,P,3
2914,02929.jpg,P,5
2915,02930.jpg,P,5
2916,02931.jpg,P,2
2917,02932.jpg,P,1
2918,02933.jpg,P,4
2919,02934.jpg,P,2
2920,02935.jpg,P,5
2921,02936.jpg,P,5
2922,02937.jpg,P,5
2923,02938.jpg,N,1
2924,02939.jpg,N,2
2925,02940.jpg,N,4
2926,02941.jpg,N,3
2927,02942.jpg,N,3
2928,02943.jpg,N,5
2929,02944.jpg,N,3
2930,02945.jpg,N,5
2931,02946.jpg,N,4
2932,02947.jpg,N,4
2933,02948.jpg,N,1
2934,02949.jpg,N,2
2935,02950.jpg,N,5
2936,02951.jpg,N,2
2937,02952.jpg,N,4
2938,02953.jpg,N,5
2939,02954.jpg,N,4
2940,02955.jpg,N,1
2941,02956.jpg,N,5
2942,02957.jpg,N,1
2943,02958.jpg,N,5
2944,02959.jpg,P,5
2945,02960.jpg,P,2
2946,02961.jpg,P,1
2947,02962.jpg,N,3
2948,02963.jpg,N,5
2949,02964.jpg,N,4
2950,02965.jpg,N,3
2951,02966.jpg,N,2
2952,02967.jpg,N,1
2953,02968.jpg,N,5
2954,02969.jpg,N,1
2955,02970.jpg,P,5
2956,02971.jpg,P,5
2957,02972.jpg,P,1
2958,02973.jpg,P,4
2959,02974.jpg,P,1
2960,02975.jpg,P,5
2961,02976.jpg,P,2
2962,02977.jpg,P,2
2963,02978.jpg,P,3
2964,02979.jpg,P,5
2965,02980.jpg,P,3
2966,02981.jpg,P,2
2967,02982.jpg,P,1
2968,02983.jpg,P,5
2969,02984.jpg,P,3
2970,02985.jpg,P,2
2971,02986.jpg,P,3
2972,02987.jpg,P,4
2973,02988.jpg,P,3
2974,02989.jpg,P,5
2975,02990.jpg,P,3
2976,02991.jpg,P,5
2977,02992.jpg,N,3
2978,02993.jpg,P,2
2979,02994.jpg,N,3
2980,02995.jpg,N,5
2981,02996.jpg,N,1
2982,02997.jpg,N,4
2983,02998.jpg,N,3
2984,02999.jpg,N,5
2985,03000.jpg,N,3
2986,03001.jpg,N,4
2987,03002.jpg,N,3
2988,03003.jpg,N,4
2989,03004.jpg,N,2
2990,03005.jpg,N,5
2991,03006.jpg,N,3
2992,03007.jpg,N,4
2993,03008.jpg,N,4
2994,03009.jpg,N,3
2995,03010.jpg,N,4
2996,03011.jpg,N,5
2997,03012.jpg,N,5
2998,03013.jpg,N,3
2999,03014.jpg,N,2
3000,03015.jpg,N,4
3001,03016.jpg,N,2
3002,03017.jpg,N,4
3003,03018.jpg,N,5
3004,03019.jpg,N,3
3005,03020.jpg,N,3
3006,03021.jpg,N,5
3007,03022.jpg,N,2
3008,03023.jpg,N,2
3009,03024.jpg,N,3
3010,03025.jpg,N,2
3011,03026.jpg,N,3
3012,03027.jpg,N,3
3013,03028.jpg,N,4
3014,03029.jpg,N,5
3015,03030.jpg,N,3
3016,03031.jpg,N,5
3017,03032.jpg,N,5
3018,03033.jpg,N,1
3019,03034.jpg,N,3
3020,03035.jpg,N,1
3021,03036.jpg,N,5
3022,03037.jpg,N,4
3023,03038.jpg,N,1
3024,03039.jpg,N,5
3025,03040.jpg,N,3
3026,03041.jpg,N,1
3027,03042.jpg,N,1
3028,03043.jpg,N,4
3029,03044.jpg,N,5
3030,03045.jpg,N,1
3031,03046.jpg,N,2
3032,03047.jpg,N,4
3033,03048.jpg,N,5
3034,03049.jpg,N,4
3035,03050.jpg,N,3
3036,03051.jpg,N,2
3037,03052.jpg,P,3
3038,03053.jpg,N,3
3039,03054.jpg,N,5
3040,03055.jpg,N,3
3041,03056.jpg,N,2
3042,03057.jpg,N,3
3043,03058.jpg,N,1
3044,03059.jpg,N,5
3045,03060.jpg,N,5
3046,03061.jpg,N,4
3047,03062.jpg,N,3
3048,03063.jpg,N,5
3049,03064.jpg,N,4
3050,03065.jpg,N,4
3051,03066.jpg,N,1
3052,03067.jpg,N,3
3053,03068.jpg,N,1
3054,03069.jpg,N,4
3055,03070.jpg,N,5
3056,03071.jpg,N,5
3057,03072.jpg,N,4
3058,03073.jpg,N,3
3059,03074.jpg,N,3
3060,03075.jpg,N,2
3061,03076.jpg,N,1
3062,03077.jpg,N,5
3063,03078.jpg,N,5
3064,03079.jpg,N,1
3065,03080.jpg,N,2
3066,03081.jpg,N,5
3067,03082.jpg,N,5
3068,03083.jpg,N,4
3069,03084.jpg,N,4
3070,03085.jpg,N,4
3071,03086.jpg,N,3
3072,03087.jpg,N,5
3073,03088.jpg,N,5
3074,03089.jpg,N,1
3075,03090.jpg,N,3
3076,03091.jpg,N,5
3077,03092.jpg,N,1
3078,03093.jpg,N,2
3079,03094.jpg,N,1
3080,03095.jpg,N,1
3081,03096.jpg,N,1
3082,03097.jpg,N,5
3083,03098.jpg,N,4
3084,03099.jpg,N,2
3085,03100.jpg,P,5
3086,03101.jpg,N,3
3087,03102.jpg,N,4
3088,03103.jpg,P,2
3089,03104.jpg,P,4
3090,03105.jpg,P,2
3091,03106.jpg,P,5
3092,03107.jpg,N,2
3093,03108.jpg,P,4
3094,03109.jpg,P,4
3095,03110.jpg,P,4
3096,03111.jpg,P,3
3097,03112.jpg,P,2
3098,03113.jpg,P,1
3099,03114.jpg,P,2
3100,03115.jpg,P,3
3101,03116.jpg,P,3
3102,03117.jpg,P,4
3103,03118.jpg,P,4
3104,03119.jpg,P,2
3105,03120.jpg,P,5
3106,03121.jpg,P,3
3107,03122.jpg,P,4
3108,03123.jpg,P,1
3109,03124.jpg,P,4
3110,03125.jpg,P,4
3111,03126.jpg,P,5
3112,03127.jpg,P,5
3113,03128.jpg,P,1
3114,03129.jpg,P,4
3115,03130.jpg,P,5
3116,03131.jpg,P,4
3117,03132.jpg,P,2
3118,03133.jpg,P,2
3119,03134.jpg,P,2
3120,03135.jpg,P,3
3121,03136.jpg,P,5
3122,03137.jpg,P,3
3123,03138.jpg,P,4
3124,03139.jpg,P,5
3125,03140.jpg,P,3
3126,03141.jpg,P,1
3127,03142.jpg,P,1
3128,03143.jpg,P,3
3129,03144.jpg,P,1
3130,03145.jpg,P,2
3131,03146.jpg,P,1
3132,03147.jpg,N,4
3133,03148.jpg,N,1
3134,03149.jpg,N,5
3135,03150.jpg,N,4
3136,03151.jpg,N,5
3137,03152.jpg,N,2
3138,03153.jpg,N,3
3139,03154.jpg,N,1
3140,03155.jpg,N,5
3141,03156.jpg,P,3
3142,03157.jpg,N,5
3143,03158.jpg,N,3
3144,03159.jpg,N,5
3145,03160.jpg,N,2
3146,03161.jpg,N,2
3147,03162.jpg,N,1
3148,03163.jpg,N,2
3149,03164.jpg,N,1
3150,03165.jpg,N,2
3151,03166.jpg,N,2
3152,03167.jpg,N,3
3153,03168.jpg,N,3
3154,03169.jpg,N,1
3155,03170.jpg,N,3
3156,03171.jpg,N,1
3157,03172.jpg,N,1
3158,03173.jpg,N,5
3159,03174.jpg,N,4
3160,03175.jpg,N,4
3161,03176.jpg,N,4
3162,03177.jpg,N,1
3163,03178.jpg,N,3
3164,03179.jpg,N,2
3165,03180.jpg,N,5
3166,03181.jpg,N,2
3167,03182.jpg,N,3
3168,03183.jpg,N,2
3169,03184.jpg,N,1
3170,03185.jpg,N,5
3171,03186.jpg,N,3
3172,03187.jpg,N,1
3173,03188.jpg,N,4
3174,03189.jpg,N,2
3175,03190.jpg,N,3
3176,03191.jpg,N,2
3177,03192.jpg,N,1
3178,03193.jpg,N,4
3179,03194.jpg,N,5
3180,03195.jpg,N,1
3181,03196.jpg,N,5
3182,03197.jpg,N,3
3183,03198.jpg,N,1
3184,03199.jpg,N,5
3185,03200.jpg,N,1
3186,03201.jpg,N,4
3187,03202.jpg,N,3
3188,03203.jpg,N,3
3189,03204.jpg,N,4
3190,03205.jpg,N,4
3191,03206.jpg,N,3
3192,03207.jpg,N,1
3193,03208.jpg,N,2
3194,03209.jpg,N,4
3195,03210.jpg,N,2
3196,03211.jpg,N,5
3197,03212.jpg,N,1
3198,03213.jpg,N,3
3199,03214.jpg,N,2
3200,03215.jpg,N,3
3201,03216.jpg,N,2
3202,03217.jpg,N,4
3203,03218.jpg,N,1
3204,03219.jpg,N,4
3205,03220.jpg,N,2
3206,03221.jpg,N,1
3207,03222.jpg,N,5
3208,03223.jpg,N,5
3209,03224.jpg,N,4
3210,03225.jpg,N,5
3211,03226.jpg,N,4
3212,03227.jpg,N,1
3213,03228.jpg,N,1
3214,03229.jpg,N,3
3215,03230.jpg,N,3
3216,03231.jpg,N,1
3217,03232.jpg,N,2
3218,03233.jpg,N,5
3219,03234.jpg,N,5
3220,03235.jpg,N,3
3221,03236.jpg,N,3
3222,03237.jpg,N,4
3223,03238.jpg,P,3
3224,03239.jpg,P,2
3225,03240.jpg,N,4
3226,03241.jpg,P,3
3227,03242.jpg,P,2
3228,03243.jpg,N,3
3229,03244.jpg,N,3
3230,03245.jpg,N,3
3231,03246.jpg,N,1
3232,03247.jpg,N,1
3233,03248.jpg,N,1
3234,03249.jpg,N,3
3235,03250.jpg,N,3
3236,03251.jpg,N,2
3237,03252.jpg,N,1
3238,03253.jpg,N,4
3239,03254.jpg,N,3
3240,03255.jpg,N,1
3241,03256.jpg,N,2
3242,03257.jpg,N,4
3243,03258.jpg,N,4
3244,03259.jpg,N,4
3245,03260.jpg,N,4
3246,03261.jpg,N,3
3247,03262.jpg,N,4
3248,03263.jpg,N,3
3249,03264.jpg,N,2
3250,03265.jpg,N,1
3251,03266.jpg,N,4
3252,03267.jpg,N,3
3253,03268.jpg,N,2
3254,03269.jpg,N,3
3255,03270.jpg,N,3
3256,03271.jpg,N,4
3257,03272.jpg,N,2
3258,03273.jpg,P,1
3259,03274.jpg,P,4
3260,03275.jpg,P,3
3261,03276.jpg,P,5
3262,03277.jpg,N,5
3263,03278.jpg,P,2
3264,03279.jpg,P,1
3265,03280.jpg,P,1
3266,03281.jpg,P,2
3267,03282.jpg,N,4
3268,03283.jpg,N,1
3269,03284.jpg,N,5
3270,03285.jpg,N,3
3271,03286.jpg,P,5
3272,03287.jpg,P,5
3273,03288.jpg,P,2
3274,03289.jpg,P,2
3275,03290.jpg,P,1
3276,03291.jpg,P,1
3277,03292.jpg,N,2
3278,03293.jpg,N,3
3279,03294.jpg,P,1
3280,03295.jpg,P,5
3281,03296.jpg,N,5
3282,03297.jpg,N,4
3283,03298.jpg,N,1
3284,03299.jpg,N,5
3285,03300.jpg,N,3
3286,03301.jpg,P,1
3287,03302.jpg,N,1
3288,03303.jpg,N,2
3289,03304.jpg,P,1
3290,03305.jpg,P,1
3291,03306.jpg,P,2
3292,03307.jpg,P,1
3293,03308.jpg,P,5
3294,03309.jpg,P,3
3295,03310.jpg,P,5
3296,03311.jpg,P,2
3297,03312.jpg,P,3
3298,03313.jpg,P,3
3299,03314.jpg,N,5
3300,03315.jpg,N,5
3301,03316.jpg,N,4
3302,03317.jpg,N,4
3303,03318.jpg,N,5
3304,03319.jpg,N,3
3305,03320.jpg,N,1
3306,03321.jpg,N,1
3307,03322.jpg,N,3
3308,03323.jpg,N,1
3309,03324.jpg,N,3
3310,03325.jpg,N,2
3311,03326.jpg,N,2
3312,03327.jpg,N,3
3313,03328.jpg,N,1
3314,03329.jpg,P,2
3315,03330.jpg,N,3
3316,03331.jpg,P,3
3317,03332.jpg,N,4
3318,03333.jpg,N,2
3319,03334.jpg,N,1
3320,03335.jpg,N,3
3321,03336.jpg,N,3
3322,03337.jpg,N,5
3323,03338.jpg,N,3
3324,03339.jpg,N,4
3325,03340.jpg,P,1
3326,03341.jpg,P,5
3327,03342.jpg,P,3
3328,03343.jpg,P,2
3329,03344.jpg,P,3
3330,03345.jpg,P,5
3331,03346.jpg,P,2
3332,03347.jpg,P,5
3333,03348.jpg,P,1
3334,03349.jpg,P,5
3335,03350.jpg,P,2
3336,03351.jpg,P,3
3337,03352.jpg,P,4
3338,03353.jpg,P,4
3339,03354.jpg,N,5
3340,03355.jpg,N,4
3341,03356.jpg,N,2
3342,03357.jpg,N,4
3343,03358.jpg,N,4
3344,03359.jpg,N,5
3345,03360.jpg,N,4
3346,03361.jpg,N,3
3347,03362.jpg,N,1
3348,03363.jpg,N,3
3349,03364.jpg,N,4
3350,03365.jpg,P,4
3351,03366.jpg,P,5
3352,03367.jpg,N,1
3353,03368.jpg,N,4
3354,03369.jpg,N,5
3355,03370.jpg,P,4
3356,03371.jpg,N,4
3357,03372.jpg,N,2
3358,03373.jpg,P,2
3359,03374.jpg,P,3
3360,03375.jpg,P,5
3361,03376.jpg,N,1
3362,03377.jpg,P,4
3363,03378.jpg,N,1
3364,03379.jpg,N,5
3365,03380.jpg,N,4
3366,03381.jpg,N,5
3367,03382.jpg,N,4
3368,03383.jpg,N,5
3369,03384.jpg,P,4
3370,03385.jpg,N,1
3371,03386.jpg,N,3
3372,03387.jpg,N,4
3373,03388.jpg,N,5
3374,03389.jpg,N,4
3375,03390.jpg,N,1
3376,03391.jpg,N,2
3377,03392.jpg,N,4
3378,03393.jpg,N,1
3379,03394.jpg,N,2
3380,03395.jpg,N,3
3381,03396.jpg,P,4
3382,03397.jpg,N,3
3383,03398.jpg,N,3
3384,03399.jpg,P,5
3385,03400.jpg,N,3
3386,03401.jpg,N,2
3387,03402.jpg,P,3
3388,03403.jpg,N,5
3389,03404.jpg,N,3
3390,03405.jpg,N,1
3391,03406.jpg,N,2
3392,03407.jpg,P,4
3393,03408.jpg,N,1
3394,03409.jpg,P,2
3395,03410.jpg,P,1
3396,03411.jpg,P,4
3397,03412.jpg,N,1
3398,03413.jpg,N,1
3399,03414.jpg,N,5
3400,03415.jpg,N,5
3401,03416.jpg,N,4
3402,03417.jpg,N,3
3403,03418.jpg,N,5
3404,03419.jpg,P,5
3405,03420.jpg,N,5
3406,03421.jpg,N,4
3407,03422.jpg,N,1
3408,03423.jpg,P,2
3409,03424.jpg,N,1
3410,03425.jpg,N,4
3411,03426.jpg,P,3
3412,03427.jpg,N,4
3413,03428.jpg,N,5
3414,03429.jpg,N,5
3415,03430.jpg,N,1
3416,03431.jpg,N,2
3417,03432.jpg,N,5
3418,03433.jpg,N,3
3419,03434.jpg,N,4
3420,03435.jpg,N,1
3421,03436.jpg,N,5
3422,03437.jpg,P,4
3423,03438.jpg,N,1
3424,03439.jpg,N,4
3425,03440.jpg,N,5
3426,03441.jpg,N,1
3427,03442.jpg,N,3
3428,03443.jpg,N,1
3429,03444.jpg,N,3
3430,03445.jpg,N,1
3431,03446.jpg,N,2
3432,03447.jpg,N,4
3433,03448.jpg,N,2
3434,03449.jpg,P,1
3435,03450.jpg,P,1
3436,03451.jpg,N,2
3437,03452.jpg,N,1
3438,03453.jpg,N,4
3439,03454.jpg,N,3
3440,03455.jpg,P,1
3441,03456.jpg,N,4
3442,03457.jpg,N,1
3443,03458.jpg,N,4
3444,03459.jpg,N,2
3445,03460.jpg,P,1
3446,03461.jpg,N,1
3447,03462.jpg,N,5
3448,03463.jpg,N,2
3449,03464.jpg,N,3
3450,03465.jpg,N,4
3451,03466.jpg,N,2
3452,03467.jpg,N,3
3453,03468.jpg,N,2
3454,03469.jpg,N,4
3455,03470.jpg,P,5
3456,03471.jpg,N,2
3457,03472.jpg,N,4
3458,03473.jpg,N,4
3459,03474.jpg,N,4
3460,03475.jpg,N,3
3461,03476.jpg,N,4
3462,03477.jpg,P,3
3463,03478.jpg,P,1
3464,03479.jpg,N,1
3465,03480.jpg,N,4
3466,03481.jpg,N,4
3467,03482.jpg,P,3
3468,03483.jpg,N,4
3469,03484.jpg,N,1
3470,03485.jpg,N,2
3471,03486.jpg,N,3
3472,03487.jpg,N,3
3473,03488.jpg,N,4
3474,03489.jpg,N,2
3475,03490.jpg,N,4
3476,03491.jpg,N,1
3477,03492.jpg,N,1
3478,03493.jpg,P,1
3479,03494.jpg,N,3
3480,03495.jpg,P,4
3481,03496.jpg,N,1
3482,03497.jpg,P,3
3483,03498.jpg,N,5
